/*
SQLyog Ultimate v12.5.1 (64 bit)
MySQL - 5.6.20 : Database - sdpa
*********************************************************************
*/

/*!40101 SET NAMES utf8 */;

/*!40101 SET SQL_MODE=''*/;

/*!40014 SET @OLD_UNIQUE_CHECKS=@@UNIQUE_CHECKS, UNIQUE_CHECKS=0 */;
/*!40014 SET @OLD_FOREIGN_KEY_CHECKS=@@FOREIGN_KEY_CHECKS, FOREIGN_KEY_CHECKS=0 */;
/*!40101 SET @OLD_SQL_MODE=@@SQL_MODE, SQL_MODE='NO_AUTO_VALUE_ON_ZERO' */;
/*!40111 SET @OLD_SQL_NOTES=@@SQL_NOTES, SQL_NOTES=0 */;
/*Table structure for table `t_anggota` */

DROP TABLE IF EXISTS `t_anggota`;

CREATE TABLE `t_anggota` (
  `id_anggota` int(5) NOT NULL AUTO_INCREMENT,
  `nbm_anggota` varchar(10) NOT NULL,
  `nama_anggota` varchar(200) NOT NULL,
  `alamat` text NOT NULL,
  `jenkel` char(1) NOT NULL,
  `no_anggota` varchar(12) NOT NULL,
  `email` varchar(100) NOT NULL,
  `status_user` int(1) NOT NULL DEFAULT '0',
  PRIMARY KEY (`id_anggota`)
) ENGINE=InnoDB AUTO_INCREMENT=23 DEFAULT CHARSET=latin1;

/*Data for the table `t_anggota` */

insert  into `t_anggota`(`id_anggota`,`nbm_anggota`,`nama_anggota`,`alamat`,`jenkel`,`no_anggota`,`email`,`status_user`) values 
(4,'001','Aly Aulia, Lc. M.Hum','Yogyakarta','L','089786756562','aly@gmail.com',0),
(5,'951 282','Subardiman, S.E','Yogyakarta','L','081235487287','subardiman@gmail.com',0),
(6,'962 119','Amar Sidik','Yogyakarta','L','083276823943','amar@gmail.com',0),
(7,'004','Dr. Mhd. Lailan Arqam M.Pd.','Yogyakarta','L','083212387138','Laila@gmail.com',0),
(8,'005','Agus Mianta, S.Pd, M.Si','Yogyakarta','L','083257621323','mianta@gmail.com',0),
(9,'006','Farid Imron, S.Pd.I','Yogyakarta','L','087787926353','farid@gmail.com',0),
(10,'007','Moh. Alfian Dja\'far, S.H.I, M.H','Yogyakarta','L','08122744831','najiha35@gmail.com',0),
(11,'792 057','Agus Basuki','Yogyakarta','L','089976548234','agus@gmail.com',1),
(12,'009','Kantun Basuki','Yogyakarta','L','087734567655','kantun@gmail.com',0),
(13,'010','Sarijan, S.S, M.Pd','Yogyakarta','L','089876582543','sarijan@gmail.com',0),
(14,'011','Dedik Fathul Anwar, M.Pd.I','Yogyakarta','L','083867453213','dedik@gmail.com',0),
(15,'012','Rahmat Khairu Agus, S.Kom','Yogyakarta','L','089647468910','rahmatkhoiru@gmail.com',0),
(16,'013','Lathif Rifa\'i, S.Th.I, M.Hum','Yogyakarta','L','089967845623','lathif@gmail.com',0),
(17,'014','Syahran Azqi','Yogyakarta','L','098909876593','syahran@gmail.com',0),
(18,'015','Nayif Fairuza, S.Hum','Yogyakarta','L','087723657375','nayif@gmail.com',0),
(19,'016','Yusuf Sirodt, S.Pd.I','Yogyakarta','L','081221098733','yusuf@gmail.com',0),
(20,'017','Munzlin, S.H.I, M.Pd','Yogyakarta','L','08889873826','munzlin@gmail.com',0),
(21,'000','Admin','Yogyakarta','L','081367561423','admin@gmail.com',1),
(22,'018','Agus Riadi','Yogyakarta','L','081356761322','riadi@gmail.com',0);

/*Table structure for table `t_anggota_jabatan` */

DROP TABLE IF EXISTS `t_anggota_jabatan`;

CREATE TABLE `t_anggota_jabatan` (
  `id_anggota_jabatan` int(5) NOT NULL AUTO_INCREMENT,
  `id_anggota` int(5) NOT NULL,
  `id_jabatan` int(5) NOT NULL,
  `id_tahun` int(5) NOT NULL,
  PRIMARY KEY (`id_anggota_jabatan`),
  KEY `id_anggota` (`id_anggota`),
  KEY `id_jabatan` (`id_jabatan`),
  KEY `id_tahun` (`id_tahun`),
  CONSTRAINT `t_anggota_jabatan_ibfk_1` FOREIGN KEY (`id_anggota`) REFERENCES `t_anggota` (`id_anggota`) ON DELETE CASCADE ON UPDATE CASCADE,
  CONSTRAINT `t_anggota_jabatan_ibfk_2` FOREIGN KEY (`id_jabatan`) REFERENCES `t_jabatan` (`id_jabatan`) ON DELETE CASCADE ON UPDATE CASCADE,
  CONSTRAINT `t_anggota_jabatan_ibfk_3` FOREIGN KEY (`id_tahun`) REFERENCES `t_tahun` (`id_tahun`) ON DELETE CASCADE ON UPDATE CASCADE
) ENGINE=InnoDB AUTO_INCREMENT=23 DEFAULT CHARSET=latin1;

/*Data for the table `t_anggota_jabatan` */

insert  into `t_anggota_jabatan`(`id_anggota_jabatan`,`id_anggota`,`id_jabatan`,`id_tahun`) values 
(4,4,4,1),
(5,5,10,1),
(6,6,11,1),
(7,7,5,1),
(8,8,12,1),
(9,9,13,1),
(10,10,6,1),
(11,11,14,1),
(12,12,15,1),
(13,13,16,1),
(14,14,7,1),
(15,15,17,1),
(16,16,18,1),
(17,17,19,1),
(18,18,8,1),
(19,19,20,1),
(20,20,21,1),
(21,21,23,1),
(22,22,22,1);

/*Table structure for table `t_belanja` */

DROP TABLE IF EXISTS `t_belanja`;

CREATE TABLE `t_belanja` (
  `id_belanja` int(5) NOT NULL AUTO_INCREMENT,
  `id_kegiatan` int(5) NOT NULL,
  `id_kategori` int(5) NOT NULL,
  `belanja` text NOT NULL,
  `volume` int(4) NOT NULL,
  `satuan` varchar(20) NOT NULL,
  `harga` int(20) NOT NULL,
  `jumlah` int(20) NOT NULL,
  PRIMARY KEY (`id_belanja`),
  KEY `id_kategori` (`id_kategori`),
  KEY `id_kegiatan` (`id_kegiatan`),
  CONSTRAINT `t_belanja_ibfk_2` FOREIGN KEY (`id_kategori`) REFERENCES `t_kategori` (`id_kategori`) ON DELETE CASCADE ON UPDATE CASCADE,
  CONSTRAINT `t_belanja_ibfk_3` FOREIGN KEY (`id_kegiatan`) REFERENCES `t_kegiatan` (`id_kegiatan`) ON DELETE CASCADE ON UPDATE CASCADE
) ENGINE=InnoDB AUTO_INCREMENT=371 DEFAULT CHARSET=latin1;

/*Data for the table `t_belanja` */

insert  into `t_belanja`(`id_belanja`,`id_kegiatan`,`id_kategori`,`belanja`,`volume`,`satuan`,`harga`,`jumlah`) values 
(1,48,6,'Kegiatan TPA (Event)',5,'kali',500000,2500000),
(2,48,6,'Pembekalan',1,'kali',1000000,1000000),
(3,48,6,'HR Panitia',8,'orang',250000,2000000),
(4,48,6,'Tranportasi Peserta',20,'kali',100000,2000000),
(5,49,6,'Honor Pemateri',3,'kali',300000,900000),
(6,49,6,'Honor Panitia',7,'kali',200000,1400000),
(7,49,6,'Konsumsi',81,'Orang',20000,1620000),
(8,49,6,'Kertas',2,'rim',80000,80000),
(9,50,6,'Honor Juri-juri',18,'kali',250000,4500000),
(10,50,6,'Konsumsi',200,'orang',15000,3000000),
(12,50,6,'Kertas dll',1,'-',500000,500000),
(13,51,6,'Honor Panitia dan Pendamping',50,'kali',400000,20000000),
(14,51,6,'Tranportasi',400,'orang',100000,40000000),
(15,51,6,'Bingkisa',99,'lokasi',100000,9900000),
(16,51,6,'Event',18,'lokasi',350000,6300000),
(17,51,6,'Akomondasi kunjungan',18,'lokasi',600000,10800000),
(18,51,6,'Pembekalan Intertnasional',6,'kali',500000,3000000),
(19,52,6,'Hewan kurban',1,'ekor',15000000,15000000),
(20,52,6,'Sembako',200,'bungkus',50000,10000000),
(21,52,6,'Honor Panitia',20,'orang',300000,6000000),
(22,52,6,'Tranportasi',4,'orang',500000,2000000),
(23,52,6,'Akomondasi',4,'orang',500000,2000000),
(24,53,2,'HR Panitia dan Pembimbing',25,'orang',400000,10000000),
(25,54,6,'Kertas Glossy',40,'Pak',23000,920000),
(26,54,6,'Doubel tipe',20,'gulung',6000,120000),
(27,54,6,'Kertas warna',5,'biji',10000,50000),
(28,54,6,'Gunting',5,'biji',6000,30000),
(29,54,6,'Gabus',6,'potong',10000,60000),
(30,54,6,'Paku pin',3,'bungkus',10000,30000),
(31,54,2,'Tinta warna',3,'bungkus',100000,300000),
(32,54,6,'Kertas HIV',4,'rim',37000,148000),
(33,54,6,'Pemotong gabus',2,'biji',71000,142000),
(34,54,6,'Baterai',5,'bungkus',20000,100000),
(35,54,2,'Akomondasi',10,'bungkus',110000,1100000),
(36,55,6,'Akomondasi',7,'orang',100000,700000),
(37,55,6,'Honor Penyusun',7,'orang',350000,2450000),
(38,55,6,'Cetak Buku',400,'exemplar',7000,2800000),
(39,55,6,'Kertas',1,'rim',37000,37000),
(40,55,2,'Cetak Warna',2,'rim',6500,13000),
(41,56,6,'HR Pemateri',14,'kali',400000,5600000),
(42,56,6,'Snek Pemateri dan moderator',20,'kali',8000,160000),
(43,56,6,'Snek tenaga pembantu',100,'kali',8000,800000),
(44,56,2,'Akomondasi',96,'kali',15000,1440000),
(45,57,6,'HR Pemateri',25,'orang',400000,10000000),
(46,57,6,'HR Panitia',18,'kali',350000,6300000),
(49,57,6,'Akomondasi',25,'kali',20000,500000),
(50,57,6,'Tranportasi',24,'kali',50000,1200000),
(52,70,6,'HR Pemateri',4,'Orang',100000,400000),
(55,70,5,'Konsumsi dan Akomodasi',2,'Hari',700000,1400000),
(56,70,6,'Tranportasi',4,'Hari',50000,200000),
(57,70,2,'Buku, Pena, Kertas, Spidol',5,'Paket',100000,500000),
(58,71,3,'Buku, Pena, Kertas, Spidol',5,'Paket',100000,500000),
(59,71,6,'Konsumsi dan Akomodasi',2,'Hari',700000,1400000),
(60,71,6,'Tranportasi',4,'Hari',50000,200000),
(62,71,6,'HR Pemateri',4,'Orang',100000,400000),
(63,72,3,'Buku, Pena, Kertas, Spidol',3,'Paket',1000000,3000000),
(64,72,5,'Konsumsi dan Akomodasi',5,'Hari',3000000,15000000),
(65,72,6,'Tranportasi',7,'Bus',1000000,7000000),
(66,72,6,'HR Pemateri',4,'Orang',2000000,8000000),
(67,72,6,'HR Panitia',20,'Orang',350000,7000000),
(68,72,6,'Sewa Tenda',40,'Biji',250000,10000000),
(69,73,6,'Tranportasi',2,'Paket',200000,400000),
(71,73,6,'Akomodasi',2,'Hari',200000,400000),
(72,73,2,'Kertas',2,'rim',100000,200000),
(73,74,5,'Konsumsi dan Akomodasi',2,'Hari',1000000,2000000),
(74,74,6,'HR Pemateri',2,'Orang',250000,500000),
(75,74,6,'HR Pembina',5,'Orang',200000,1000000),
(76,75,5,'Konsumsi dan Akomodasi',5,'Hari',2500000,12500000),
(77,75,6,'HR Pemateri',10,'Orang',200000,2000000),
(78,75,6,'HR Panitia',20,'Orang',300000,6000000),
(79,75,6,'Tranportasi',9,'Bus',500000,4500000),
(80,75,6,'Sembako',100,'Paket',50000,5000000),
(81,76,5,'Konsumsi dan Akomodasi',2,'Hari',1000000,2000000),
(82,76,6,'HR Pemateri',2,'Orang',250000,500000),
(83,76,6,'HR Pembina',5,'Orang',200000,1000000),
(84,77,5,'Konsumsi dan Akomodasi',2,'Hari',1000000,2000000),
(85,77,6,'HR Pemateri',2,'Orang',250000,500000),
(86,77,6,'HR Pembina',5,'Orang',200000,1000000),
(87,78,5,'Konsumsi dan Akomodasi',2,'Hari',1000000,2000000),
(88,78,6,'HR Juri',14,'Orang',250000,3500000),
(89,78,6,'HR Pembina',5,'Orang',200000,1000000),
(90,78,3,'Kertas, Fotokopi, Spidol, Pena',1,'Paket',500000,500000),
(91,78,6,'Trophy',1,'Paket',1000000,1000000),
(92,79,5,'Konsumsi dan Akomodasi',2,'Hari',1000000,2000000),
(93,79,6,'Badge TS',220,'Orang',10000,2200000),
(94,79,6,'HR Pembina',8,'Orang',200000,1600000),
(95,79,6,'Tranportasi',2,'Hari',100000,200000),
(96,61,6,'HR Pemateri',12,'Orang',300000,3600000),
(97,61,5,'Konsumsi dan Akomodasi',10,'kali',1500000,15000000),
(98,61,3,'Kertas, Spidol',10,'kali',500000,5000000),
(99,61,6,'Dokumentasi',10,'kali',100000,1000000),
(100,61,6,'Tranportasi',4,'Bus',1000000,4000000),
(101,61,6,'HR Panitia',20,'Orang',350000,7000000),
(102,61,6,'HR Fasilitator',20,'Orang',120000,2400000),
(103,62,6,'HR Pemateri',8,'Orang',500000,4000000),
(104,62,5,'Konsumsi dan Akomodasi',10,'kali',2000000,20000000),
(105,62,6,'Kertas, Spidol, Tali, Bola, Buku, Pena',10,'kali',500000,5000000),
(106,62,6,'Dokumentasi',10,'kali',100000,1000000),
(107,62,6,'Tranportasi',4,'Bus',1000000,4000000),
(108,62,6,'HR Panitia',20,'Orang',350000,7000000),
(109,62,6,'HR Fasilitator',20,'Orang',200000,4000000),
(110,63,6,'HR Pemateri',5,'Orang',200000,1000000),
(111,63,5,'Konsumsi dan Akomodasi',2,'Hari',600000,1200000),
(112,63,6,'Kertas, Spidol, Tali, Bola, Buku, Pena',1,'Paket',400000,400000),
(113,63,6,'Tranportasi',2,'Paket',200000,400000),
(114,63,6,'HR Panitia',10,'Orang',200000,2000000),
(115,64,6,'HR Pemateri',12,'Hari',200000,2400000),
(116,64,6,'Konsumsi dan Akomodasi',12,'Hari',200000,2400000),
(117,64,6,'Pulsa',1,'kali',200000,200000),
(118,65,6,'Pembekalan',4,'Hari',2000000,8000000),
(119,65,6,'Konsumsi dan Akomodasi',5,'Hari',1000000,5000000),
(120,65,6,'Tranportasi',5,'Orang',1000000,5000000),
(121,65,6,'HR Panitia',5,'Orang',400000,2000000),
(122,66,3,'Buku, Pena, Kertas, Spidol',1,'Paket',300000,300000),
(123,66,5,'Konsumsi dan Akomodasi',2,'Hari',300000,600000),
(124,66,6,'Tranportasi',4,'Hari',50000,200000),
(125,66,6,'HR Pemateri',7,'Orang',200000,1400000),
(126,67,3,'Buku, Pena, Kertas, Spidol',4,'Paket',100000,400000),
(127,67,5,'Konsumsi dan Akomodasi',2,'Hari',700000,1400000),
(128,67,6,'Tranportasi',4,'Hari',50000,200000),
(129,67,6,'HR Pemateri',5,'Orang',100000,500000),
(130,68,3,'Buku, Pena, Kertas, Spidol',5,'Paket',100000,500000),
(131,68,5,'Konsumsi dan Akomodasi',2,'Hari',700000,1400000),
(132,68,6,'Tranportasi',4,'Hari',50000,200000),
(133,68,6,'HR Pemateri',4,'Orang',100000,400000),
(134,69,3,'Buku, Pena, Kertas, Spidol',5,'Paket',100000,500000),
(135,69,5,'Konsumsi dan Akomodasi',2,'Hari',700000,1400000),
(136,69,6,'Tranportasi',4,'Hari',50000,200000),
(137,69,6,'Tranportasi',4,'Hari',50000,200000),
(138,69,6,'HR Pemateri',4,'Orang',100000,200000),
(140,80,3,'Kertas, Spidol, Pena, Buku',1,'Paket',200000,200000),
(141,80,6,'HR Pembina',5,'Orang',200000,1000000),
(142,80,6,'Tranportasi',2,'Hari',150000,300000),
(143,80,5,'Konsumsi dan Akomodasi',2,'Hari',500000,1000000),
(144,80,6,'Sewa Tempat',2,'Hari',500000,1000000),
(145,81,6,'Penyelenggaraan Program',1,'Periode',65000000,65000000),
(146,82,5,'Konsumsi',600,'Orang',5000,3000000),
(147,83,5,'Konsumsi',180,'Orang',15000,2700000),
(148,83,6,'Program Kemujaniban',2,'Asrama',1150000,2300000),
(149,84,5,'Konsumsi',300,'Orang',20000,6000000),
(150,84,6,'HR Tim',10,'Orang',200000,2000000),
(151,85,5,'Konsumsi',95,'Orang',20000,1900000),
(152,85,6,'HR Tim',7,'Orang',300000,2100000),
(153,85,6,'Tranportasi dan Akomodasi',5,'Orang',200000,1000000),
(154,60,6,'HR Pemateri',10,'Orang',300000,3000000),
(156,60,5,'Konsumsi dan Akomodasi',9,'kali',1000000,9000000),
(157,60,3,'Kertas, Spidol',5,'kali',500000,2500000),
(158,60,6,'Dokumentasi',5,'kali',100000,500000),
(159,104,5,'Belanja Snack',30,'Porsi',25000,750000),
(160,104,3,'ATK',1,'Paket',100000,100000),
(162,104,6,'Bea Tes',170,'Siswa',45000,7650000),
(163,104,6,'Biaya tes Kelas 3',250,'Siswa',30000,7500000),
(164,105,5,'Konsumsi',500,'Porsi',5000,2500000),
(165,105,6,'Tranportasi',7,'Bus',1500000,10500000),
(167,105,6,'Tim Outbound',2,'Tim',1500000,3000000),
(168,105,6,'Vakasi Panitia',20,'Orang',200000,4000000),
(169,106,6,'Sewa Stand',20,'Stand',250000,5000000),
(170,106,3,'ATK',5,'Paket',100000,500000),
(171,106,6,'Cetak Banner/Pamflet/Brosur',1500,'Siswa',1000,1500000),
(172,106,6,'Vakasi Panitia',15,'Orang',200000,3000000),
(173,107,5,'Belanja Snack',32,'Porsi',50000,1600000),
(174,107,3,'ATK',10,'Paket',100000,1000000),
(175,107,6,'Vakasi Pendamping',240,'Orang',30000,7200000),
(176,107,6,'Fotocopy',1000,'Lembar',200,200000),
(177,108,6,'Sewa Studio',1,'Sesi',700000,700000),
(178,108,6,'Cetak Foto',20,'Paket',15000,300000),
(179,108,6,'Pigura',20,'Siswa',50000,1000000),
(180,58,6,'HR Pemateri',10,'orang',400000,4000000),
(182,58,6,'HR Panitia',20,'kali',350000,7000000),
(183,58,6,'HR Fasilitator',25,'kali',120000,3000000),
(184,58,6,'Tranportasi',10,'kali',1000000,10000000),
(185,58,6,'Konsumsi dan Akomodasi',4,'Hari',3000000,12000000),
(186,58,6,'Kertas, Spidol',10,'kali',100000,1000000),
(187,59,6,'HR Pemateri',20,'orang',300000,6000000),
(188,59,6,'Tranportasi',10,'Bus',2000000,20000000),
(189,59,6,'Konsumsi dan Akomodasi',20,'kali',1000000,20000000),
(190,59,6,'Kertas, Spidol',50,'kali',500000,25000000),
(191,59,6,'Dokumentasi',4,'kali',100000,400000),
(192,59,6,'Hadiah',18,'orang',200000,3600000),
(193,128,6,'Vakasi Pemateri',120,'orang',30000,3600000),
(194,128,6,'Vakasi Panitia',417,'orang',12000,5004000),
(195,128,6,'Konsumsi dan Perlengkapan',456,'orang',10000,4560000),
(196,128,6,'Biaya cetak dan pengadaan buku',350,'orang',25000,8750000),
(197,128,6,'Lomba-lomba',324,'Satuan',27500,8910000),
(198,97,3,'ATK',10,'Paket',100000,1000000),
(199,97,6,'Cetak Banner, Pamfler, Poster, Brosur',10000,'Lembar',2000,20000000),
(200,97,6,'Sewa Baliho 3 tempat',3,'Buah',5000000,15000000),
(201,97,5,'Konsumsi',120,'kali',20000,2400000),
(202,97,6,'Kirim Brosur',100,'kali',16000,1600000),
(203,97,6,'Vakasi Panitia',50,'Orang',400000,20000000),
(204,98,6,'Pemateri Kelas 1',6,'kali',150000,900000),
(205,98,6,'Pemateri Kelas 2',6,'kali',150000,900000),
(206,98,6,'Pemateri Kelas 4',6,'kali',150000,900000),
(207,98,6,'Pemateri Kelas 5',6,'kali',150000,900000),
(208,98,5,'Snack Kelas 1',900,'Buah',3500,3150000),
(209,98,5,'Snack Kelas 2',800,'Buah',3500,2800000),
(210,98,5,'Snack Kelas 4',800,'Buah',3000,2400000),
(211,98,5,'Snack Kelas 5',700,'Buah',2500,1750000),
(212,98,6,'Tranport Pendamping Kelas 1',8,'kali',50000,400000),
(213,98,6,'Tranport Pendamping Kelas 2',6,'kali',50000,300000),
(214,98,6,'Tranport Pendamping Kelas 4',6,'kali',50000,300000),
(215,98,6,'Tranport Pendamping Kelas 5',6,'kali',50000,300000),
(216,99,6,'Paket Latihan',170,'Siswa',375000,63750000),
(217,99,6,'HR Panitia/Pembimbing',25,'Orang',250000,6250000),
(218,101,6,'Pemateri',10,'kali',250000,2500000),
(219,101,6,'Tranportasi',6,'Armada',1700000,10200000),
(220,101,6,'Tempat',1,'Tempat',5000000,5000000),
(221,101,5,'Konsumsi',1000,'kali',10000,10000000),
(222,101,6,'Vakasi Tim',20,'Orang',100000,2000000),
(223,101,6,'Perlengkapan',1,'kali',300000,300000),
(226,103,6,'Pemateri Sosialisasi SNMPTN',4,'Orang',200000,800000),
(227,103,6,'Try Out SNMPTN',2,'kali',2000000,4000000),
(228,103,6,'Honorarium Tim',16,'Orang',200000,3200000),
(229,102,6,'Fotocopy Angket',2000,'Lembar',200,400000),
(230,102,6,'Vakasi Pendamping',4,'Orang',200000,800000),
(231,102,5,'Snack Siswa',400,'Orang',2000,800000),
(232,86,5,'Belanja Makan dan Minum',2,'Paket',100000,200000),
(233,86,5,'Belanja Snack',20,'Paket',5000,100000),
(234,86,6,'Belanja Vakasi  Peserta',8,'Orang',200000,1600000),
(235,86,6,'Belanja Tempat',1,'Tempat',100000,100000),
(236,87,6,'Pemateri',8,'Pemateri',250000,2000000),
(237,87,5,'Snack',4,'Paket',800000,3200000),
(238,87,6,'Tranportasi Tim',8,'Orang',100000,800000),
(239,88,2,'Konsumsi',10,'Paket',400000,4000000),
(240,89,6,'Home Visit',20,'kali',250000,5000000),
(241,89,6,'Vakasi',20,'kali',50000,1000000),
(242,90,6,'Tranportasi Peserta Sidang',10,'Paket',500000,5000000),
(243,91,6,'Pemateri',4,'kali',250000,1000000),
(244,91,6,'Tranportasi',2,'Armada',800000,1600000),
(245,91,6,'Tempat',1,'Tempat',1000000,1000000),
(246,91,5,'Konsumsi',210,'kali',10000,2100000),
(247,91,6,'Vakasi Tim',10,'Orang',100000,1000000),
(248,91,6,'Out Bound',1,'kali',800000,800000),
(249,91,6,'Perlengkapan',1,'kali',500000,500000),
(250,92,6,'Pra Pleno',110,'Orang',50000,5500000),
(251,92,6,'Pleno',150,'Orang',50000,7500000),
(252,92,5,'Konsumsi',400,'Orang',5000,2000000),
(253,93,6,'Vakasi Pengilahan Nilai Raport Kepribadian Semester 1',40,'Orang',40000,1600000),
(254,93,5,'Makan dan Minum Semester 1',15,'Orang',10000,150000),
(255,93,6,'Vakasi Pengilahan Nilai Raport Kepribadian Semester 2',40,'Orang',40000,1600000),
(256,93,5,'Makan dan Minum Semester 2',15,'Orang',10000,150000),
(257,94,6,'Stand Banner',1,'Buah',100000,100000),
(258,94,6,'Buku Referensi BK dan Siswa',6,'Paket',400000,2400000),
(259,95,6,'Percetakan',2000,'Eks',12500,25000000),
(260,96,6,'Tas Sekolah',30,'Siswa',200000,6000000),
(261,129,6,'Vakasi Pemateri',7,'keg',350000,2450000),
(262,129,6,'Vakasi Panitia',18,'Orang',70000,1260000),
(263,129,5,'Konsumsi',300,'Orang',7000,2100000),
(264,129,2,'Fotocopy',760,'doc',250,190000),
(265,130,6,'HR Pemateri',30,'Orang',150000,4500000),
(266,130,5,'Snack',60,'exemplar',25000,1500000),
(267,131,6,'5K',12,'Satuan',700000,8400000),
(268,131,2,'Labelisasi disetiap asrama',8,'Asrama',500000,4000000),
(269,131,6,'Pengajian Asrama',12,'Asrama',416667,5000004),
(270,131,6,'Lomba-lomba',12,'Asrama',550000,6599996),
(271,132,6,'Perlengkapan',45,'keg',50000,2250000),
(272,132,5,'Konsumsi',45,'Orang',133334,6000030),
(273,132,6,'Biaya Sewa tempat dan bis',45,'Orang',150000,6749970),
(274,133,6,'Pembelian 1 ekor sapi dan 1 ekor kambing',1,'Ekor',24000000,24000000),
(275,133,6,'Perlengkapan',1,'Paket',1500000,1500000),
(276,133,6,'Konsumsi',1,'Paket',1500000,1500000),
(277,133,6,'Akomodasi',1,'Paket',1500000,1000000),
(278,134,6,'Biaya sewa tenda ',8,'Unit',50000,400000),
(279,134,6,'HR Panitia',6,'Orang',100000,600000),
(280,134,5,'Konsumsi',1400,'Orang',5000,7000000),
(281,135,6,'Vakasi Tim',20,'Orang',500000,10000000),
(282,135,6,'Vakasi Pembimbing/Penguji',1334,'Orang',10000,13340000),
(283,135,6,'Pelatihan Tilawati/AMM',90,'Orang',250000,22500000),
(284,135,6,'Pengadaan Buku Iqro\'',100,'Eks',11600,1160000),
(285,136,6,'Vakasi Tim',16,'keg',250000,4000000),
(286,136,6,'PAT',5,'eks',25200,126000),
(287,136,5,'Biaya rekap dan konsumsi',1335,'Orang',4400,5874000),
(288,137,6,'Vakasi Muhafidz',10,'Orang',1500000,15000000),
(289,137,6,'Vakasi Panitia',15,'Orang',400000,6000000),
(290,137,6,'Sertifikat',153,'Orang',8500,1300500),
(291,137,5,'Konsumsi',150,'keg',18000,2699500),
(292,138,6,'PAT/Sertifikat',1340,'Orang',6500,8710000),
(293,138,6,'Vakasi Panitia',17,'Orang',350000,5950000),
(294,138,6,'Vakasi Penguji',1334,'Orang',10000,13340000),
(295,138,5,'Konsumsi/Snack',200,'Orang',10000,2000000),
(296,139,6,'Vakasi Pemateri',52,'keg',350000,18200000),
(297,139,6,'Vakasi Panitia',17,'Orang',400000,6800000),
(298,139,5,'Minum & Snack',400,'Box',7380,2952000),
(299,139,3,'Pengadaan ATK',70,'doc',10000,700000),
(300,139,6,'Belanja Fotocopy Materi',60,'keg',22500,1348000),
(301,140,6,'Vakasi Kebersihan',1,'Orang',3300000,3300000),
(302,140,6,'Vakasi Penceramah 4 x 12',48,'Orang',150000,7200000),
(303,140,2,'Belanja Peralatan kebersihan',20,'eks',25000,500000),
(304,140,2,'Belanja Tikar',5,'eks',200000,1000000),
(305,140,6,'Pengajian malam Jum\'at pekan ke 4',10,'Orang',300000,3000000),
(306,215,6,'Honor Pembinaan',25,'Kelas',350000,8750000),
(307,215,6,'Cetak dan Copy Materi',600,'Kelas',9500,5700000),
(308,215,6,'Perlengkapan Administrasi',25,'Kelas',5000,125000),
(309,215,6,'Transportasi',10,'Kelas',25000,250000),
(310,215,6,'Laporan Kegiatan',2,'Kelas',100000,175000),
(311,216,6,'Honor Pembinaan',40,'Kelas',300000,12000000),
(312,216,6,'Copy Materi dan Perlengkapan Administrasi',650,'Kelas',10000,6500000),
(313,216,6,'Konsumsi Transportasi',40,'Pembina',50000,1500000),
(314,217,6,'Honor Pembinaan',45,'Kelas',250000,11250000),
(315,217,6,'Copy Materi dan Perlengkapan Administrasi',650,'siswa',10000,3750000),
(316,218,6,'Sewa Tempat',2,'Gedung',2000000,4000000),
(317,218,6,'Honor Pengisi Acara Materi dan Media',16,'Orang',450000,7200000),
(318,218,6,'Konsumsi ',500,'Siswa',20000,10000000),
(319,218,6,'Transportasi',500,'Siswa',20000,10000000),
(320,218,6,'Panitia',20,'Orang',200000,3800000),
(321,219,6,'Sterofoam',6,'Barang',20000,120000),
(322,219,6,'Printer Warna',1,'Barang',900000,900000),
(323,219,6,'Print Copy',50,'Lembar',2000,100000),
(324,219,6,'Konsumsi',20,'Barang',20000,400000),
(325,219,6,'Honor Kontributor',30,'Orang',50000,1480000),
(326,220,6,'Perlengkapan Administrasi dan Honor',5,'Buah',200000,1000000),
(327,220,6,'Penggandaan Alat alat Mahkamah',10,'Buah',200000,2000000),
(328,220,6,'Transportasi dan konsumsi penyelenggara',5,'Pelaksanaan',400000,2000000),
(329,221,6,'Bahan ajar dan kitab untuk pengajar',10,'Ekpl',20000,200000),
(330,221,6,'Transport dan Honor Pengajar',10,'Orang',750000,7500000),
(331,221,6,'Perlengkapan Administrasi dan ATK',10,'Buah',25000,250000),
(332,222,6,'Club Fpals',50,'Siswa',50000,2500000),
(333,222,6,'Club Debaters',20,'Siswa',50000,1000000),
(334,222,6,'Club Speaking',50,'Siswa',50000,2500000),
(335,222,6,'Club Baca Kitab',20,'siswa',50000,1000000),
(336,222,6,'Club Bahasa Arab',20,'Siswa',50000,1000000),
(337,222,6,'Perlengkapan Administrasi',10,'Buah ',30000,300000),
(338,222,6,'Transportasi Pembina',12,'Orang',750000,9000000),
(339,222,6,'Copy Materi dan bahaN Ajar',200,'Ekp',10000,2000000),
(340,222,6,'Konsumsi',12,'Kelas',50000,600000),
(341,223,6,'Relawan Penutur asli bahasa Inggris',5,'Orang',2000000,10000000),
(342,223,6,'Relawan Penutur asli Arab',2,'Orang',2000000,4000000),
(343,223,6,'Konsumsi, akomodasi, transportasi',7,'Barang',1000000,7000000),
(344,223,6,'Kepanitiaan',13,'Orang',300000,3900000),
(345,224,6,'Piala dan sertifikat dan uang pembinaan',15,'Paket',250000,3750000),
(346,224,6,'Honor Juri dan Panitia',20,'paket',300000,6000000),
(347,224,6,'Konsumsi dan Transportasi',20,'buah',15000,250000),
(348,225,6,'Konsumsi',400,'siswa',20000,8000000),
(349,225,6,'Biaya pelatihan Ielts dan tes guru bahasa',2,'Pert',1000000,2000000),
(350,226,6,'Transportasi',45,'Paket',150000,6750000),
(351,226,6,'Perlengkapan ATK dan Penggandaan materi',45,'Paket',10000,450000),
(352,226,6,'Perlengkapan',45,'Buah',10000,450000),
(353,226,6,'Konsumsi peserta dan panitia',45,'paket',60000,2350000),
(354,227,6,'Biaya Program',30,'siswa',500000,15000000),
(355,227,6,'Modul dan bahan ajar',30,'Buku',65000,1950000),
(356,227,6,'Transportasi dan Panitia',35,'Orang',100000,3050000),
(357,228,6,'Transportasi',4,'Paket',2000000,8000000),
(358,228,6,'Seleksi dan Pendaftaran',20,'Paket',120000,2400000),
(359,228,6,'Akomodasi dan Konsumsi',24,'Paket',500000,12000000),
(360,228,2,'Perlengkapan dan dokumentasi',24,'paket',100000,2400000),
(361,229,6,'Transportasi Penyusun',6,'Paket',250000,1500000),
(362,229,6,'Karya bahan ajar',6,'buku',500000,3000000),
(363,229,6,'Konsumsi dan akomodasi',10,'paket',100000,1000000),
(364,229,6,'Cetak dan desain buku',500,'Buku',12000,4500000),
(365,231,6,'Transportasi Peserta',6,'Orang',250000,1500000),
(366,231,6,'Biaya pelatihan ',6,'Orang',1000000,6000000),
(367,231,6,'Konsumsi dan akomodasi',10,'Paket',100000,1000000),
(368,230,6,'Transportasi Peserta',6,'Orang',250000,1500000),
(369,230,6,'Biaya pelatihan ',6,'Orang',1000000,6000000),
(370,230,6,'Konsumsi dan akomodasi',10,'Paket',100000,1000000);

/*Table structure for table `t_bidang` */

DROP TABLE IF EXISTS `t_bidang`;

CREATE TABLE `t_bidang` (
  `id_bidang` int(5) NOT NULL AUTO_INCREMENT,
  `mak_bidang` varchar(10) NOT NULL,
  `nama_bidang` varchar(200) NOT NULL,
  `tap_biaya` decimal(20,0) NOT NULL,
  `id_tahun` int(5) NOT NULL,
  PRIMARY KEY (`id_bidang`),
  KEY `id_tahun` (`id_tahun`),
  CONSTRAINT `t_bidang_ibfk_1` FOREIGN KEY (`id_tahun`) REFERENCES `t_tahun` (`id_tahun`) ON DELETE CASCADE ON UPDATE CASCADE
) ENGINE=InnoDB AUTO_INCREMENT=23 DEFAULT CHARSET=latin1;

/*Data for the table `t_bidang` */

insert  into `t_bidang`(`id_bidang`,`mak_bidang`,`nama_bidang`,`tap_biaya`,`id_tahun`) values 
(4,'11','BIDANG PEGAWAI',8317356000,1),
(5,'12','BIDANG HUMAS dan SDI',830000000,1),
(6,'13','BIDANG PEDIDIKAN, PENGAJARAN DAN EVALUASI',1470840280,1),
(7,'14','BIDANG KEGIATAN SISWA',1469500000,1),
(8,'15','PEMBINAAN KEISLAMAN',274825000,1),
(9,'16','BIDANG KEPUSTAKAAN',323860938,1),
(10,'17','BIDANG LABORATORIUM',214458400,1),
(11,'18','KANTOR DAN ALAT TULIS',259092000,1),
(12,'19','BIDANG PENGADAAN INVENTARIS',330000000,1),
(13,'20','BIAYA LANGGANAN DAN JASA',513672382,1),
(14,'21','BIDANG PERAWATAN GEDUNG DAN HALAMAN',645000000,1),
(15,'22','BIDANG PERAWATAN INVENTARIS',100000000,1),
(16,'23','BIDANG PERAWATAN KENDARAAN',125000000,1),
(17,'24','PERJALANAN DINAS',80200000,1),
(18,'25','BIDANG AKOMODASI ASRAMA',4309350000,1),
(19,'26','BIDANG KESEJAHTERAAN PEGAWAI DAN SISWA',1792786000,1),
(20,'27','BANTUAN DAN SUMBANGAN',70000000,1),
(21,'28','BIAYA LAIN - LAIN',137000000,1),
(22,'15','BIDANG PEMBINAAN BAHASA ARAB DAN INGGRIS DI ASRAMA',251000000,1);

/*Table structure for table `t_detail` */

DROP TABLE IF EXISTS `t_detail`;

CREATE TABLE `t_detail` (
  `id_detail` int(5) NOT NULL AUTO_INCREMENT,
  `id_kegiatan` int(5) NOT NULL,
  `pelaksana` varchar(200) NOT NULL,
  `sasaran` varchar(200) NOT NULL,
  `lokasi` varchar(200) NOT NULL,
  `capaian` varchar(200) NOT NULL,
  `sumber_dana` varchar(50) NOT NULL,
  `tenaga` varchar(50) NOT NULL,
  `waktu` varchar(50) NOT NULL,
  `keluaran` text NOT NULL,
  `target_capaian` varchar(20) NOT NULL,
  PRIMARY KEY (`id_detail`),
  KEY `t_detail_ibfk_1` (`id_kegiatan`),
  CONSTRAINT `t_detail_ibfk_1` FOREIGN KEY (`id_kegiatan`) REFERENCES `t_kegiatan` (`id_kegiatan`) ON DELETE CASCADE ON UPDATE CASCADE
) ENGINE=InnoDB AUTO_INCREMENT=92 DEFAULT CHARSET=latin1;

/*Data for the table `t_detail` */

insert  into `t_detail`(`id_detail`,`id_kegiatan`,`pelaksana`,`sasaran`,`lokasi`,`capaian`,`sumber_dana`,`tenaga`,`waktu`,`keluaran`,`target_capaian`) values 
(1,141,'Kepala Perpustakaan','Menambahkan koleksi buku dan wawasan warga muallimin','Perpustakaan','Menambahkan koleksi buku dan wawasan warga muallimin','APBM','0 orang','0 hari ','Menambahkan koleksi buku dan wawasan warga muallimin','100%'),
(2,48,' SU Perkaderan dan Alumni','Siswa Mu\'allimin Anggota KDM dan PDKP','Mu\'allimin','Sebagai latihan dalam peran kemasyarakatan','APBM','10 Orang','Tentatif','-','100%'),
(3,49,'SU Perkaderan dan Alumni','Siswa Mu\'allimin aktifis TPA','Mu\'allimin','Sebagai latihan dalam peran kemasyarakatan','APBM','7 orang','1 Hari','-','100%'),
(4,50,' SU Perkaderan dan Alumni','SD-TPA se DIY','Mu\'allimin','Sebagai latihan dalam peran kemasyarakatan','APBM','20 orang','1 Hari','-','100%'),
(5,51,' SU Perkaderan dan Alumni (Nasional-Internasional)','Siswa Mu\'allimin','Daerah-daerah tertentu','Sebagai latihan dalam peran kemasyarakatan','APBM','50 orang','1 Hari','-','100%'),
(6,52,' SU Perkaderan dan Alumni','Masyarakat di daerah tertentu','Percetakan','Sebagai latihan dalam peran kemasyarakatan','APBM','20 orang','2 hari','-','100%'),
(7,53,' SU Perkaderan dan Alumni','Masjid-masjid masyarakat',' Di Masjid-masjid tertentu','Sebagai latihan dalam peran kemasyarakatan','APBM','25 orang','Jumat','-','100%'),
(8,54,' SU Perkaderan dan Alumni','Keluraga Besar Mu\'allimin','Mu\'allimin','Sebagai latihan dalam peran kemasyarakatan','APBM','5 orang','Tentatif','-','100%'),
(9,55,' SU Perkaderan dan Alumni','Siswa Mu\'allimin','Mu\'allimin','Sebagai latihan dalam peran kemasyarakatan','APBM','7 orang','Tentatif','-','100%'),
(10,56,' SU Perkaderan dan Alumni','Siswa Mu\'allimin','Mu\'allimin','Sebagai latihan dalam peran kemasyarakatan','APBM','7 orang','Tentatif','-','100%'),
(11,57,' SU Perkaderan dan Alumni','Siswa Mu\'allimin Kelas 6','Mu\'allimin','Sebagai latihan dalam peran kemasyarakatan','APBM','16 orang','Tentatif','-','100%'),
(12,70,' SU Perkaderan dan Alumni','Pengurus HW Muallimin','Mu\'allimin','Sebagai latihan dalam peran kemasyarakatan','APBM','20 orang','2 hari','-','100%'),
(13,70,' SU Perkaderan dan Alumni','Pengurus HW Muallimin','Mu\'allimin','Sebagai latihan dalam peran kemasyarakatan','APBM','20 orang','2 hari','-','100%'),
(14,71,' SU Perkaderan dan Alumni','Pengurus HW Muallimin','Mu\'allimin','Sebagai latihan dalam peran kemasyarakatan','APBM','20 orang','2 hari','-','100%'),
(15,72,' SU Perkaderan dan Alumni','Siswa Mu\'allimin Kelas 1','Bumi Perkemahan Wonogondang','Sebagai latihan dalam peran kemasyarakatan','APBM','20 orang','4 Hari','-','100%'),
(16,73,' SU Perkaderan dan Alumni','Pengurus HW dan siswa MTS','Mu\'allimin','Sebagai latihan dalam peran kemasyarakatan','APBM','20 orang','1 Hari','-','100%'),
(17,74,' SU Perkaderan dan Alumni','Siswa Mu\'allimin Kelas 1','Mu\'allimin','Sebagai latihan dalam peran kemasyarakatan','APBM','20 orang','2 hari','-','100%'),
(18,75,' SU Perkaderan dan Alumni','Siswa Mu\'allimin Kelas 2','Kulon Progo','Sebagai latihan dalam peran kemasyarakatan','APBM','20 orang','5 Hari','-','100%'),
(19,76,' SU Perkaderan dan Alumni','Siswa Mu\'allimin Kelas 3','Mu\'allimin','Sebagai latihan dalam peran kemasyarakatan','APBM','20 orang','2 hari','-','100%'),
(20,77,' SU Perkaderan dan Alumni','Siswa Mu\'allimin Kelas Aliyah','Mu\'allimin','Sebagai latihan dalam peran kemasyarakatan','APBM','20 orang','2 hari','-','100%'),
(21,78,' SU Perkaderan dan Alumni','Siswa SD-SMP se-Jogja','Mu\'allimin','Sebagai latihan dalam peran kemasyarakatan','APBM','20 orang','2 hari','-','100%'),
(22,79,' SU Perkaderan dan Alumni','Siswa Mu\'allimin','Mu\'allimin','Sebagai latihan dalam peran kemasyarakatan','APBM','20 orang','2 hari','-','100%'),
(23,61,' SU Perkaderan dan Alumni','Siswa Mu\'allimin Kelas 3','Darmais, Pengasih, Kulon Progo','Sebagai latihan dalam peran kemasyarakatan','APBM','20 orang','4 Hari','-','100%'),
(24,62,' SU Perkaderan dan Alumni','Siswa Mu\'allimin Kelas 6','Darmais, Pengasih, Kulon Progo','Sebagai latihan dalam peran kemasyarakatan','APBM','20 orang','4 Hari','-','100%'),
(25,63,' SU Perkaderan dan Alumni','Alumni Mu\'allimin','Mu\'allimin','Sebagai latihan dalam peran kemasyarakatan','APBM','10 Orang','2 hari','-','100%'),
(26,64,' SU Perkaderan dan Alumni','Siswa Mu\'allimin','Mu\'allimin','Sebagai latihan dalam peran kemasyarakatan','APBM','10 Orang','1 Hari','-','100%'),
(27,65,' SU Perkaderan dan Alumni','Siswa Mu\'allimin Terpilih','Luar Negeri','Sebagai latihan dalam peran kemasyarakatan','APBM','5 orang','10 Hari','-','100%'),
(28,66,' SU Perkaderan dan Alumni','Pengurus HW','Mu\'allimin','Sebagai latihan dalam peran kemasyarakatan','APBM','5 orang','2 hari','-','100%'),
(29,67,' SU Perkaderan dan Alumni','Siswa Kelas 1','Mu\'allimin','Sebagai latihan dalam peran kemasyarakatan','APBM','20 orang','2 hari','-','100%'),
(30,68,' SU Perkaderan dan Alumni','Siswa Kelas 2','Mu\'allimin','Sebagai latihan dalam peran kemasyarakatan','APBM','20 orang','2 hari','-','100%'),
(31,69,' SU Perkaderan dan Alumni','Siswa Kelas 3','Mu\'allimin','Sebagai latihan dalam peran kemasyarakatan','APBM','20 orang','2 hari','-','100%'),
(32,80,' SU Perkaderan dan Alumni','Pengurus TS','Mu\'allimin','Sebagai latihan dalam peran kemasyarakatan','APBM','20 orang','2 hari','-','100%'),
(33,82,' SU Perkaderan dan Alumni','Siswa Mu\'allimin','Mu\'allimin','Sebagai latihan dalam peran kemasyarakatan','APBM','10 Orang','360','-','100%'),
(34,83,' SU Perkaderan dan Alumni','Siswa Mu\'allimin Kelas 5 yang Terpilih','Mu\'allimin','Sebagai latihan dalam peran kemasyarakatan','APBM','10 Orang','360','-','100%'),
(35,84,' SU Perkaderan dan Alumni','Alumni Mu\'allimin','Mu\'allimin','Sebagai latihan dalam peran kemasyarakatan','APBM','5','1','-','100%'),
(36,85,' SU Perkaderan dan Alumni','Alumni Mu\'allimin','Daerah-daerah','Sebagai latihan dalam peran kemasyarakatan','APBM','10','1','-','100%'),
(37,60,' SU Perkaderan dan Alumni','Siswa Mu\'allimin Kelas 4','Mu\'allimin','Sebagai latihan dalam peran kemasyarakatan','APBM','20 orang','2 hari','-','100%'),
(38,104,'SU Bimbingan Siswa','Siswa Kelas 3 dan 6','Madrasah Mu\'allimin Yogyakarta','Data Minat dan bakat Siswa kelas 3 dan 6','APBM','8  Orang','1 Hari','-','100%'),
(39,105,'SU Bimbingan Siswa','Siswa Kelas 3 dan 6','Wisma Darmais','Refreshing Siswa kelas 3 dan 6 ditengah kesibukan menghadapi UN','APBM','20 orang','1 Hari','-','100%'),
(40,106,'SU Bimbingan Siswa','Siswa kelas 4, 5, dan 6','Madrasah Mu\'allimin Yogyakarta','Pengenalan Kampus-kampus kepada Siswa-siswa','APBM','15 Orang','1 Hari','-','100%'),
(41,107,'SU Bimbingan Siswa','Siswa Kelas 3 dan 6','Madrasah Mu\'allimin Yogyakarta','Pemantauan perkembangan prestasi akademik siswa','APBM','30 Orang','1 Hari','-','100%'),
(42,108,'SU Bimbingan Siswa','Seragam Siswa','Madrasah Mu\'allimin Yogyakarta','Foto Model Seragam Siswa','APBM','3 Orang','1 Hari','-','100%'),
(43,58,' SU Perkaderan dan Alumni','Siswa Mu\'allimin Kelas 4','Darmais, Pengasih, Kulon Progo','Sebagai latihan dalam peran kemasyarakatan','APBM','40 orang','4 Hari','-','100%'),
(44,59,' SU Perkaderan dan Alumni','Siswa Mu\'allimin Kelas 1','Mu\'allimin','Sebagai latihan dalam peran kemasyarakatan','APBM','50 orang','5 Hari','-','100%'),
(45,128,'Staf Urusan Kehidupan Islami Santri','Santri kelas 1 & 4','Asrama 1 Muallimin Muhammadiyah Yogyakarta','Siswa kelas 1 & 4 memliliki kesamaan idiologi dan kebiasaan maskan','APBM','25 orang','7 hari','Siswa kelas 1 & 4 mendapatkan pembinaan idiologi, Visi dan Misi Mu\'allimin','100%'),
(46,97,'SU Bimbingan Siswa','Peserta Didik Baru','Madrasah Mu\'allimin Yogyakarta','Daftar Calon Pendaftar sesuai target yang direncanakan','APBM','50 orang','4 Bulan','Peserta Didik Baru yang unggul','100%'),
(47,98,'SU Bimbingan Siswa','Siswa Madrasah Mu\'allimin','Madrasah Mu\'allimin Yogyakarta','Terbentuknya Karakter Siswa yang unggul, mandiri, disiplin, dan berwawasan luas','APBM','8  Orang','1 Hari','Siswa Mu\'allimin mempunyai karakter yang kuat dan mandiri','100%'),
(48,99,'SU Bimbingan Siswa','Siswa Kelas 5','Akmil Magelang','Siswa Mu\'allimin Cinta Tanah Air','APBM','20 orang','2 hari','Siswa mrndapat pengetahuan bela negara','100%'),
(49,101,'SU Bimbingan Siswa','Siswa Kelas 3 dan 6','Wisma Darmais Kulon Progo','Motivasi Belajar untuk persiapan UN serta sosialisasi tentang studi lanjut','APBM','20 orang','2 hari','Siswa siap menghadapi UN','100%'),
(50,103,'SU Bimbingan Siswa','Siswa Kelas 3 dan 6','Madrasah Mu\'allimin Yogyakarta','Siswa Diterima di perguruan tinggi favorit','APBM','16 orang','1 Hari','Siswa mendapatkan bekal persiapan penjurusan maupun masuk perguruan tinggi','100%'),
(51,102,'SU Bimbingan Siswa','Siswa Kelas 3 dan 6','Madrasah Mu\'allimin Yogyakarta','Pendataan MInat Siswa','APBM','4 orang','1 Hari','Data minat, bakat dan penjurusan siswa','100%'),
(52,86,'SU Bimbingan Siswa','Guru BK dan KS','Pondok Ndeso','Menyusun Konsep kinerja, penanggung jawaab dan jadwal pelaksanaan program kerja','APBM','8  Orang','2 hari','Tercapainya konsep pelaksanaan program yang terstruktur, penanggung jawab kegiatan yang jelas serta evaluasi kinerja','100%'),
(53,87,'SU Bimbingan Siswa','Guru BK dan KS','Ruang Multimedia Madrasah Mu\'allimin Muhammadiyah','Memberikan materi dan wawasan pengetahuan tentang kinerja, tugas pokok, dan inovasi guru BK-KS','APBM','8  Orang','4 Hari','Menambah wawasan guru BK-KS terkait tugas pokok dan fungsi','100%'),
(54,88,'SU Bimbingan Siswa','Guru BK, Pamong, Musyrif, Wali Kelas','Aula Madrasah Mu\'allimin Muhammadiyah','Terjalin komunikasi aktif dalam pembinaan santri antara guru BK, Wali Kelas, Pamong, dan Musyrif','APBM','97 Orang','10 Hari','Melaporkan pembinaan dan perkembangan siswa','100%'),
(55,89,'SU Bimbingan Siswa','Guru BK, Pamong, Musyrif, Wali Kelas serta siswa yang bersangkutan','Rumah Siswa dan Asrama','Mengkomunikasikan kepada orang tua terhadap problem yang dihadapi santri serta memberikan solusi penyelesaian masalah yang dihadapi orang tua maupun siswa','APBM','8  Orang','1 Hari','Memberikan perhatian dan simpati kepada orang tua dan siswa madrasah','100%'),
(56,90,'SU Bimbingan Siswa','Pimpinan Madrasah, Kaur BS, Guru BK, Wali Kelas, Pamong, Musyrif dan saksi','Ruang Multimedia Madrasah Mu\'allimin Muhammadiyah','Menghasilkan keputusan yang baik terhadap kasus atau masalah yang dihadapi oleh siswa','APBM','10 Orang','1 Hari','Kasus yang dihadapi siswa dapat selesai dan menghasilkan keputusan yang terbaik bagi madrasah, orang tua, dan siswa','100%'),
(57,91,'SU Bimbingan Siswa','Guru BK dan Siswa','Wisma Jazman Al-Kindi, Kaliurang','Memberikan pelatihan konselor sebaya dan pembentukan pengurus PIK R siswa','APBM','10 Orang','1 Hari','Terbentuknya pengurus PIK-R','100%'),
(58,92,'SU Bimbingan Siswa','Pimpinan, Guru BK, Wali Kelas,  Pamong, Musyrif','Aula Madrasah Mu\'allimin Muhammadiyah','Menghasilkan nilai kepribadian sebagai tolok ukur kenaikan dan kululusan siswa','APBM','135 Orang','7 hari','Nilai kepribadian siswa dalam ranngka kenaikan dan kelulusan siswa','100%'),
(59,93,'SU Bimbingan Siswa','Guru BK dan Admin','Madrasah Mu\'allimin Yogyakarta','Nilai kepribadian siswa dari aspek sosial dan spiritual','APBM','8  Orang','1 Hari','Nilai kepribadian siswa sebagai prasyarat kenikan','100%'),
(60,94,'SU Bimbingan Siswa','Media Pembelajaran Guru BK','Madrasah Mu\'allimin Yogyakarta','Melengkapi referensi dalam proses konseling guru BK','APBM','6 Orang','1 Hari','Guru BK dapat memberikan peran yang signifikan terhadap pembinaan siswa dengan bantuan referensi pustaka BK','100%'),
(61,95,'SU Bimbingan Siswa','Buku Panduan dan Pembinaan Siswa','Madrasah Mu\'allimin Yogyakarta','Buku Pembinaan dan Panduan Siswa','APBM','8  Orang','1 Hari','Buku Pembinaan dan Panduan Siswa','100%'),
(62,96,'SU Bimbingan Siswa','Siswa berprestasi madrasah mu\'allimin','Madrasah Mu\'allimin Yogyakarta','Pemberian Penghargaan Kepada Siswa Berprestasi','APBM','2 Orang','1 Hari','Siswa termotivasi untuk meningkatan prestasi','100%'),
(63,129,'SU Kehidupan Islami Santri','Seluruh Pamong dan Musyrif','Aula Madrasah Mu\'allimin Muhammadiyah','Dengan adanya pelatihan pamong dan musyrif akan lebih memahami psikologi perkembangan siswa, kehidupan diri, kemampuan ibadah yang benar dan ideologi yang sesuai prinsip Muahmmadiyah','APBM','45 Orang','2 x 1 Tahun','Kemampuan dalam mendidik dan membina siswa semakin baik','100%'),
(64,130,'SU Kehidupan Islami Santri','Seluruh Siswa kelas 1-6','Setiap Asrama Madrasah Mu\'allimin Muhammadiyah','Tersusun dan terbitnya buku kegiatan harian siswa dan buku perizinan','APBM','3 Orang','1 Tahun','Siswa termotivasi yang sesuai dengan visi dan misi Madrasah Mu\'allimin Muhammadiyah','100%'),
(65,131,'SU Kehidupan Islami Santri','Seluruh Asrama Madrasah Mu\'allimin Muhammadiyah','Asrama Madrasah Muallimin Muhammadiyah Yogyakarta','Terbiasa melakukan 5K, tertempelnya labelilsasi dan kegiatan lomba di asrama','APBM','47 Orang','12 Bulan','Memiliki','100%'),
(66,132,'SU Kehidupan Islami Santri','Seluruh Musyrif','Pondok Modern Gontor Magelang & Pandanaran','Terlaksananya refreshing /Outbound Musyrif','APBM','45 Orang','1 Hari','Hasil refreshing/outbound dapat meningkatkan kinerja dan keakraban','100%'),
(67,133,'SU Kehidupan Islami Santri','Keluarga Besar Mu\'allimin','Mu\'allimin','Menghidupkan Sunnah Nabi','APBM','Orang','1 Hari','Seluruh elemen muallimin bisa merasakan kegiatan qurban','100%'),
(68,134,'SU Kehidupan Islami Santri','Siswa Madrasah Mu\'allimin Muhammadiyah','Madrasah Mu\'allimin Yogyakarta','Terlaksananya Khotmil Al-Qur\'an santri madrasah Mu\'allimin Muhammadiyah','APBM','6 Orang','1 Pertemuan','Khotmil Al-Qur\'an santri Madrasah Mu\'allimin Muhammadiyah','100%'),
(69,135,'SU Kehidupan Islami Santri','Siswa Madrasah Mu\'allimin Muhammadiyah Yogyakarta yang nilai Al-Qur\'an nya di bawah KKM 80','Di maisng-masing maskan','Terlaksananya coaching membaca Al-Qur\'an santri Madrasah Mu\'allimin Muhammadiyah Yogyakarta','APBM','15 Orang','20 Pertemuan','Terlaksananya coaching membaca Al-Qur\'an santri Madrasah Mu\'allimin Muhammadiyah Yogyakarta tahhun 2018-2019 sesuai KKM','100%'),
(70,136,'SU Kehidupan Islami Santri','Kelas 1-6 Madrasah Mu\'allimin Muhammadiyah Yogyakarta','Asrama Madrasah Muallimin Muhammadiyah Yogyakarta','Terlaksananya liga Hufadz Al-Qur\'an kelas 1-6 Madrasah Mu\'allimin Muhammadiyah Yogyakarta tahun 2017-2018','APBM','16 orang','11 Bulan','Hasil Muhafidz Al-Qur\'an kelas 1-6 Madrasah Mu\'allimin Muhammadiyah Yogyakarta 2018-2019','100%'),
(71,137,'SU Kehidupan Islami Santri','Kelas 1-6 Madrasah Mu\'allimin Muhammadiyah Yogyakarta','Asrama 1 Madrasah Muallimin Muhammadiyah Yogyakarta','Terlaksananya Tahfidz Al-Qur\'an kelas 1-6 Madrasah Mu\'allimin Muhammadiyah Yogyakarta','APBM','15 Orang','2 Bulan','Hasil ujian Al-Qur\'an kelas 5 Madrasah Mu\'allimin Muhammadiyah Yogyakarta tahun 2018-2019','100%'),
(72,138,'SU Kehidupan Islami Santri','Kelas 1-6 Madrasah Mu\'allimin Muhammadiyah Yogyakarta','Asrama 1 Madrasah Muallimin Muhammadiyah Yogyakarta','Terlaksananya ujian Akhir Al-Qur\'an kelas 1-6 Madrasah Mu\'allimin Muhammadiyah Yogyakarta tahun 2018-2019','APBM','16 orang','11 Bulan','Hasil ujian Al-Qur\'an kelas 5 Madrasah Mu\'allimin Muhammadiyah Yogyakarta tahun 2018-2019','100%'),
(73,139,'SU Kehidupan Islami Santri','Siswa kelas 4,5 dan 6 Madrasah Mu\'allimin Muhammadiyah Yogyakarta 2018-2019','Madrasah Mu\'allimin Yogyakarta','Pembekalan ke Timur Tengah yang efektif dan efisien','APBM','15 Orang','20 Hari','Seluruh peserta dauroh memiliki bekal yang mumpuni untuk melanjutkan study ke Timur Tengah','100%'),
(74,140,'SU Kehidupan Islami Santri','Seluruh Siswa Madrasah Mu\'allimin Muhammadiyah Yogyakarta tahun 2018-2019','Madrasah Mu\'allimin Yogyakarta','Mengoptimalkan fungsi masjid untuk kemajuan umat islam','APBM','0 orang','12 Bulan','Umat Islam dan Santri dapat memakmurkan Masjid dengan mengikuti segala aktifitas di masjid jami\'','100%'),
(75,215,'Tim Pengajar dan Musrif','Santri di setiap Maskan','Setiap Maskan di Muallimin','Siswa menguasai kosakata yang disampaikan ','APBM','30 Orang','1 Tahun','Santri kelas Tsanawiyah','96%'),
(76,216,'Tim Bahasa dan Musrif','Seluruh siswa ','Masing-masing asrama','Siswa mampu menyampaikan pendapat mereka di depan publik','APBM','45 Orang','1 Tahun',' Seluruh siswa ','100%'),
(77,217,'Tim pembina dan Musrif','Seluruh siswa','Ruang Kelas dan Lapangan di sekitar Madrasah',' Siswa dapat menguasai dialog tentang tema kehidupan dan komunikasi sehari hari ','APBM','45 Orang','1 Tahun',' Seluruh siswa ','100%'),
(78,218,'Staf Urusan Pengembangan Bahasa Bahasa Asing','Siswa kelas I dan II','Buper Babarsari',' Siswa mendapatkan skor sertfikat pioneer rata rata 76 ','APBM','20 orang','2 hari',' Siswa kelas I dan II ','100%'),
(79,219,'Staf Urusan Bahasa','Publikasi Mading','Asrama Madrasah',' Terbit nya Mading sebanyak 6 Edisi ','APBM','5 orang','1 Hari',' Seluruh Pamong dan Muryrif Mengikuti koordinasi rutin ','100%'),
(80,220,'Staf Bahasa dan Tim Bahasa di asrama Multilingual','Santri di asrama Multilingual ','Asrma Multilingual',' Pemanggilan dan pemberian hukuman bagi pelanggar disiplin bahasa di asrama Multilingual ','APBM','5 orang','1 Tahun',' Santri yang melanggar disiplin bahasa di asrama ','100%'),
(81,221,'Staf Bahasa dan Tim pengajar','Seluruh Siswa Kelas Satu','Asrama masing masing',' Siswa tuntas dalam pembelajaran kitab Durussulugha ','APBM','12 orang','12 Pertemuan',' Seluruh Orang tua siswa baru hadir dan bersilaturahim ','100%'),
(82,222,'Staf Urusan Bahasa dan Pengursu club club','Santri anggota club dan partisipan berminat','Maskan',' Partisipasi pada lomba lomba bahasa tingkat lokal dan nasional ','APBM','20 orang','Hari',' Santri anggota club club dan santri berminat ','100%'),
(83,223,'Staf Bahasa dan Panitia','Seluruh siswa','Madrasah dan asrama',' Hadirnya Komunitas internasional penutur bahasa Arab dan Inggris di Madrasah dan Asrama ','APBM','Orang','1 Hari',' Seluruh elemen muallimin bisa merasakan kegiatan qurban ','100%'),
(84,224,'Staf Urusan Pengembangan Bahasa','Santri Mu\'allimin','Madrasah dan Asrama',' Menunmbuhkan motivasi berprestasi dalam bidang bahasa asing ','APBM','14 orang','7 hari',' Para siswa perwakilan kelas dan siswa pendaftar individu ','100%'),
(85,225,'Staf Urusan bahasa','Siswa kelas 3 dan kelas 6 dan guru bahasa','Madarasah dan kerjasama dengan lembaga lain',' Siswa dan  memperoleh skor toefl dan ikla dan sertifikat pelatihan ','APBM','5 orang','2 Bulan',' Seluruh Pamong dan Muryrif Mendapatkan Pembinaan ','100%'),
(86,226,'Staf Urusan bahasa dan panitia','Siswa kelas 1,2 Tsanawiyah yang berminat','Malaysia dan Singapore',' Siswa mendapatkan ekspos dalam komunikasi dan interaksi global dengan masyrakat internasional ','APBM','15 Orang','7 hari',' Siswa siswa kelas 1 dan 2 yang berminat ','100%'),
(87,227,'Staf Bahasa dan Panitia','Siswa kelas 5-6 MAK ','Darunnuhat Lamongan',' Menguasai 2 Kitab Manhaji dan Mampu membaca kitab kuning tingkat Menengah ','APBM','10 Orang','1 Hari',' Santri Kelas 5-6 MAK ','100%'),
(88,228,'Staf Urusan Pengembangan Bahasa','Siswa Tsanawiyah yang berminat','Saudi Malysia dan Thailand',' Peningkatan interaksi internasional dan wawasan global guru dan siswa peserta ','APBM','15 Orang','6 Tahun',' Seluruh ummahat saling bersilaturahmi ','100%'),
(89,229,'Staf Urusan Bahasa','Bahan Ajar','Aula Mu\'allimin',' Menyambut musyrif baru dan melepeas musyrif lama ','APBM','6 Orang','2 hari',' Seluruh Pamong dan Muryrif bisa saling mengenal ','100%'),
(90,231,'Staf Urusan Bahasa','Bahan Ajar','Aula Mu\'allimin',' Menyambut musyrif baru dan melepeas musyrif lama ','APBM','6 Orang','2 hari',' Seluruh Pamong dan Muryrif bisa saling mengenal ','100%'),
(91,230,'Staf Urusan Bahasa','Bahan Ajar','Aula Mu\'allimin',' Menyambut musyrif baru dan melepeas musyrif lama ','APBM','6 Orang','2 hari',' Seluruh Pamong dan Muryrif bisa saling mengenal ','100%');

/*Table structure for table `t_jabatan` */

DROP TABLE IF EXISTS `t_jabatan`;

CREATE TABLE `t_jabatan` (
  `id_jabatan` int(5) NOT NULL AUTO_INCREMENT,
  `nama_jabatan` varchar(200) NOT NULL,
  PRIMARY KEY (`id_jabatan`)
) ENGINE=InnoDB AUTO_INCREMENT=24 DEFAULT CHARSET=latin1;

/*Data for the table `t_jabatan` */

insert  into `t_jabatan`(`id_jabatan`,`nama_jabatan`) values 
(4,'Direktur'),
(5,'Wakil Direktur 1'),
(6,'Wakil Direktur 2'),
(7,'Wakil Direktur 3'),
(8,'Wakil Direktur 4'),
(10,'Bendahara Pengguna'),
(11,'Kepala Tata Usaha'),
(12,'Staff Urusan Pendidikan dan Pengajaran'),
(13,'Staff Urusan Perpustakaan dan Sumber Belajar'),
(14,'Staff Urusan Sarana, Keamanan dan Ketertiban'),
(15,'Staff Urusan Kerumahtanggaan'),
(16,'Satff Urusan Humas dan Sumber Daya Insani'),
(17,'Staff Urusan Perkaderan dan Alumni'),
(18,'Staff Urusan Bimbingan Siswa'),
(19,'Staff Urusan Pembinaan Kegiatan dan Prestasi'),
(20,'Staff Urusan Bimbingam Kehidupan Islami'),
(21,'Staff Urusan Bimbingan Bahasa'),
(22,'Staff Urusan Laboratorium'),
(23,'Admin');

/*Table structure for table `t_kategori` */

DROP TABLE IF EXISTS `t_kategori`;

CREATE TABLE `t_kategori` (
  `id_kategori` int(5) NOT NULL AUTO_INCREMENT,
  `nama_kategori` varchar(200) NOT NULL,
  `kode_kategori` varchar(20) NOT NULL,
  PRIMARY KEY (`id_kategori`)
) ENGINE=InnoDB AUTO_INCREMENT=7 DEFAULT CHARSET=latin1;

/*Data for the table `t_kategori` */

insert  into `t_kategori`(`id_kategori`,`nama_kategori`,`kode_kategori`) values 
(2,'Inventaris','A.1'),
(3,'ATK','A.2'),
(4,'Honor Kepanitian','B.1'),
(5,'Konsumsi','B.2'),
(6,'Lain - lainnya','L.1');

/*Table structure for table `t_kegiatan` */

DROP TABLE IF EXISTS `t_kegiatan`;

CREATE TABLE `t_kegiatan` (
  `id_kegiatan` int(11) NOT NULL AUTO_INCREMENT,
  `id_program` int(11) NOT NULL,
  `mak_kegiatan` varchar(10) NOT NULL,
  `nama_kegiatan` varchar(200) NOT NULL,
  `tap_kegiatan` decimal(20,0) NOT NULL,
  `id_anggota` int(5) NOT NULL,
  PRIMARY KEY (`id_kegiatan`),
  KEY `id_program` (`id_program`),
  KEY `id_anggota` (`id_anggota`),
  CONSTRAINT `t_kegiatan_ibfk_1` FOREIGN KEY (`id_program`) REFERENCES `t_program` (`id_program`) ON DELETE CASCADE ON UPDATE CASCADE,
  CONSTRAINT `t_kegiatan_ibfk_2` FOREIGN KEY (`id_anggota`) REFERENCES `t_anggota` (`id_anggota`) ON DELETE CASCADE ON UPDATE CASCADE
) ENGINE=InnoDB AUTO_INCREMENT=232 DEFAULT CHARSET=latin1;

/*Data for the table `t_kegiatan` */

insert  into `t_kegiatan`(`id_kegiatan`,`id_program`,`mak_kegiatan`,`nama_kegiatan`,`tap_kegiatan`,`id_anggota`) values 
(1,2,'11.1.1','Gaji Guru Tetap',1234380000,5),
(2,3,'11.2.1','Gaji Karyawan Tetap ',1124327000,5),
(3,4,'11.3.1','HR Guru Tidak Tetap MA Kela 4 - 6',772498000,5),
(4,5,'11.4.1','HR Guru Tidak Tetap MTs Kelas 1 - 3',854230000,5),
(5,6,'11.5.1','HR Pegawai Tidak Tetap',816576000,5),
(6,7,'11.6.1','HR Guru Bantuan Depag &  Luar Biasa',44623000,5),
(7,8,'11.7.1','HR Panitia / Tim',332618000,5),
(8,9,'11.8.1','HR Pamong Asrama 10 Orang',188593000,5),
(9,10,'11.9.1','HR Musrif ( 40 Orang )',541865000,5),
(10,11,'11.10.1','Uang Lembur',147571000,5),
(11,12,'11.11.1','Uang Kehadiran',567427000,5),
(12,13,'11.12.1','Insentif tenaga pendidik dan kependidikan',695520000,5),
(13,14,'11.13.1','Tabungan hari tua dan Dana pensiun',550000000,5),
(14,15,'11.14.1','HR Guru ekstra',79202000,5),
(15,16,'11.15.1','HR lainnya',367926000,5),
(16,17,'12.1.1','Penyusunan Program dan Anggaran',25000000,13),
(17,18,'12.2.1','Evaluasi dan pelaporan pelaksanaan program dan anggaran',40000000,13),
(18,19,'12.1.1','Peningkatan kualifikasi karyawan ( BA,Bea Siswa studi )',30000000,13),
(19,19,'12.1.2','Penyelenggaraan Rekrutmen Pegawai',10000000,13),
(20,19,'12.1.3','Pengajian Bulanan',10000000,13),
(21,20,'12.2.1','Penyelenggaraan Studi Lapangan/Magang',30000000,13),
(23,20,'12.2.2','Penyelenggaraan Milad Muhammadiyah/Muallimin',100000000,13),
(24,20,'12.2.3','Harmonisasi dengan masyarakat',40000000,13),
(25,20,'12.2.4','Media Relasion',40000000,13),
(26,20,'12.2.5','Promosi PPDB',90000000,13),
(27,20,'12.2.6','Kalender/Agenda Kerja',20000000,13),
(28,21,'12.5.1','Penyelenggaraan Studi Banding Rihlah Ilmiah wa Tarbawiyah',90000000,13),
(29,22,'12.6.1','Peningkatan Mutu Madrasah',100000000,13),
(30,23,'12.7.1','Rihlah keluarga besar Mu\'allimin',205000000,13),
(31,24,'13.1.1','Pelatihan Administrasi Guru',20574600,8),
(32,24,'13.1.2','Penilaian Kinerja Guru (PKG) dan PKB',49000000,8),
(33,24,'13.1.3','Penulisan rapot,ijazah dan pengadaan stopmap rapor',99000000,8),
(34,25,'13.2.1','Penghargaan Prestasi Belajar Siswa dan Guru UNBK dan UAMBN ',50000000,8),
(35,26,'13.3.1','Penyelenggaraan Evaluasi Belajar ( PTS,PAS,PAT,Ujian Praktek)',229448900,8),
(36,27,'13.4.1','Penyelenggaraan Ujian KTI/KPH',15000000,8),
(37,28,'13.5.1','Penyelenggaraan Program Sukses Studi Lanjut',450762000,8),
(38,29,'13.6.1','Penyelenggaraan Ujian Akhir',120755440,8),
(39,30,'13.7.1','Pengadaan sarana penunjang pendidikan MOVING CLASS',11294000,8),
(40,31,'13.8.1','Penyelenggaraan klinik belajar',25000000,8),
(41,32,'13.9.1','Pembuatan Modul UN dan UAMBN',18183340,8),
(42,33,'13.10.1','Pengembangan Program Kelas Trensains',90352000,8),
(43,34,'13.11.1','Penyelenggaraan Pelajaran Sertifikasi dan Blok ',20000000,8),
(44,35,'13.12.1','Musyawarah Kerja dan Pengembangan SDM Guru',30000000,8),
(45,35,'13.12.1','Musyawarah Kerja dan Pengembangan SDM Guru',30000000,8),
(46,36,'13.13.1','Internasionalisasi Sekolah ( Teacher Excheange )',56470000,8),
(47,37,'13.14.1','Persiapan Akreditasi',185000000,8),
(48,38,'14.1.1','Pemberdayaan santri, KDM, PDKP mengajar TPA dan MH Mingguan',7500000,15),
(49,38,'14.1.2','Pelatihan mengajar TPA',4000000,15),
(50,38,'14.1.3','Pengajian Muallimin Fest',8000000,15),
(51,38,'14.1.4','Pelaksanaan Mubaligh Hijrah',90000000,15),
(52,38,'14.1.6','Bakti Sosial Idhul Adha 1438 H',35000000,15),
(53,38,'14.1.7','Ujian Khutbah Jum\'at',10000000,15),
(54,39,'14.2.1','Mading Perkaderan',3000000,15),
(55,39,'14.2.2','Revisi  buku perkaderan terpadu muallimin',6000000,15),
(56,40,'14.3.1','Stadium General',8000000,15),
(57,40,'14.3.2','Ujian kader persyarikatan bagi siswa kelas VI',18000000,15),
(58,40,'14.3.3','Taruna Melati bagi siswa kelas IV',37000000,15),
(59,40,'14.3.4','Forum Taaruf ( FORTASI ) santri baru',75000000,15),
(60,40,'14.3.5','DA I',15000000,15),
(61,40,'14.3.6','Baitul Arqam kelas III',38000000,15),
(62,40,'14.3.7','Darul Arqam kelas VI',45000000,15),
(63,40,'14.3.8','TOT Baitul Arqam dan Darul Arqam',5000000,15),
(64,40,'14.3.9','Breafing bulanan Siswa',5000000,15),
(65,41,'14.4.1','Student exchange',20000000,15),
(66,42,'14.5.1','Diksar tamu Penghela HW',2500000,15),
(67,42,'14.5.2','Ujian kenaikan tingkat HW kelas 1',2500000,15),
(68,42,'14.5.3','Ujian kenaikan tingkat kelas 2',2500000,15),
(69,42,'14.5.4','Ujian kenaikan tingkat kelas 3',2500000,15),
(70,42,'14.5.5','Gladi tangguh pandu penghela ',2500000,15),
(71,42,'14.5.6','Musyawarah dewan eksekutif penghela HW Ki Bagus Hadikusumo',2500000,15),
(72,42,'14.5.7','Kemah prestasi pengenal',50000000,15),
(73,42,'14.5.7','Pelantikan Pengurus HW',1000000,15),
(74,43,'14.6.1','Ujian kenaikan tingkat TS kelas 1',3500000,15),
(75,43,'14.6.2','Ujian kenaikan tingkat TS kelas 2 ( long march )',30000000,15),
(76,43,'14.6.3','Ujian kenaikan tingkat TS kelas 3',3500000,15),
(77,43,'14.6.4','Ujian kenaikan tingkat TS Aliyah',3500000,15),
(78,43,'14.6.5','Muallimin Fighting Championship',8000000,15),
(79,43,'14.6.6','Penerimaan anggota baru TS',6000000,15),
(80,43,'14.6.7','LPJ dan pelantikan pengurus TS',3500000,15),
(81,44,'14.7.1','Penyelengaraan Program',65000000,15),
(82,44,'14.7.2','Upacara dan Apel',3000000,15),
(83,45,'14.8.1 ','Mujanib',5000000,15),
(84,46,'14.9.1','Sarasehan Alumni',8000000,15),
(85,46,'14.9.2','Kunsiroh (Kunjungan dan Silaturahim)',5000000,15),
(86,47,'14.10.1','Rapat kerja BKKS',2000000,16),
(87,47,'14.10.2','Refreshing Guru BK',6000000,16),
(88,47,'14.10.3','Rapat Koordinasi BK, Musyrif, Pamong, Wali Kelas',4000000,16),
(89,47,'14.10.4','Home Visit dan dormitory Visit',6000000,16),
(90,47,'14.10.5','Konferensi Kasus Siswa',5000000,16),
(91,47,'14.10.6','Konselor Sebaya',8000000,16),
(92,47,'14.10.7','Rapat Kepribadian Siswa',15000000,16),
(93,47,'14.10.8','Pengolahan nilai kepribadian siswa',3500000,16),
(94,47,'14.10.9','Terapi Pustaka',2500000,16),
(95,47,'14.10.10','Mencetak buku pembinaan (Buku Hijau)',25000000,16),
(96,47,'14.10.11','Pemberian penghargaan santri berprestasi',6000000,16),
(97,47,'14.10.12','PPDB',60000000,16),
(98,47,'14.10.13','Pelatihan  pendidikan Karakter dan pengembangan diri',15000000,16),
(99,47,'14.10.14','Leader camp',70000000,16),
(101,47,'14.10.15','AMT',30000000,16),
(102,47,'14.10.16','Bimbingan Karir dan Orientasi Jurusan',2000000,16),
(103,47,'14.10.17','Analisis nilai SNAMPTN dan nilai penjurusan',8000000,16),
(104,47,'14.10.18','Tes ke PT (kls 6) dan Tes penjurusan (kls 3)',16000000,16),
(105,47,'14.10.19','Tadabbur Alam dan Outbound',20000000,16),
(106,47,'14.10.20','Kampus Fair',10000000,16),
(107,47,'14.10.21','Mentoring',10000000,16),
(108,47,'14.10.22','Pengadaan gambar contoh seragam siswa',2000000,16),
(109,48,'14.11.1','Musyawarah  & Pelantikan pengurus LPM Sinar',2000000,17),
(110,48,'14.11.2','Diksar jurnalistik I dan II',3000000,17),
(111,48,'14.11.3','Penerbitan buletin realitas setiap bulan',1500000,17),
(112,48,'14.11.4','Penerbitan majalah sinar',25000000,17),
(113,48,'14.11.5','Mading LPM junior',500000,17),
(114,48,'14.11.6','Sinar award',2500000,17),
(115,49,'14.12.1','LPJ dan pelantikan MSC KIR',2000000,15),
(116,49,'14.12.2','Diksar KIR I dan II',3000000,15),
(117,49,'14.12.3','Lomba Karya Ilmiah',2000000,15),
(118,50,'14.13.1','Musyawarah kerja dan Pelantikan PMR',2000000,15),
(119,50,'14.13.2','Diksar PMR/SUMMIT I dan II',3000000,15),
(120,50,'14.13.3','Donor darah ',6000000,15),
(121,51,'14.14.1','Koordinasi dan operasional ekstra kurikuler',10000000,17),
(122,51,'14.14.2','Sewa lapangan badminton dan sepak bola',5000000,17),
(123,51,'14.14.3','Lomba akademik dan non akademik ( OSN, KSM, POSPEDA, dll)',120000000,17),
(124,51,'14.14.4','Perpisahan kelas VI',14000000,17),
(125,51,'14.14.5','Pelepasan siswa kelas 6 oleh PP Muhammadiyah',100000000,17),
(126,51,'14.14.6','Rihlah kelas 3 ',195000000,17),
(127,51,'14.14.7','Pengukuhan Organtri',7500000,17),
(128,52,'15.1.1','Tamhidi',30825000,19),
(129,53,'15.2.1','Peningkatan SDM Musyrif dan Pamong',6000000,19),
(130,53,'15.2.2','Motivasi Mingguan',6000000,19),
(131,53,'15.2.3','Habituasi Asrama Motivasi Mingguan',24000000,19),
(132,53,'15.2.4','Refreshing Musyrif dan Pamong',15000000,19),
(133,53,'15.2.5','Penyembelihan Hewan Qurban (Idul Adha)',28000000,19),
(134,54,'14.17.1','Khotmul Qur\'an',8000000,19),
(135,54,'14.17.2','Coaching al-Qur\'an',47000000,19),
(136,54,'14.17.3','Liga Hufadz',10000000,19),
(137,54,'14.17.4','Dauroh qur\'an 1,2 & 3',25000000,19),
(138,54,'14.17.5','Ujian al-Qur\'an Kelas 1 & 6',30000000,19),
(139,54,'14.17.6','Dauroh persiapan ke Timur tengah bagi kelas 4, 5, 6.',30000000,19),
(140,55,'15.4.1','Ketakmiran masjid jami\'',15000000,19),
(141,59,'16.1.1','Pengadaan buku pegangan Guru',5000000,9),
(142,59,'16.1.2','Buku Persiapan UN',20000000,9),
(143,59,'16.1.3','Pengadaan Buku Fiksi, non fiksi dan referensi',25048438,9),
(144,60,'16.2.1','Konservasi dan pendataan ulang koleksi',1500000,9),
(145,60,'16.2.2','Perbaikan dan Penjilidan',7500000,9),
(146,60,'16.2.3. ','Langganan Koran dan Majalah',40687500,9),
(147,61,'16.3.1','Resensi Buku',2000000,9),
(148,61,'16.3.2','Bedah Buku',5000000,9),
(149,61,'16.3.3','Lomba MADING',10000000,9),
(150,61,'16.3.4','Bedah film',1500000,9),
(151,61,'16.3.5','Pojok Baca',2500000,9),
(152,61,'16.3.6','Workshop Quantum Reading',4000000,9),
(153,61,'16.3.7','Tertib Buku Pegangan Siswa  ( setiap semester )',11000000,9),
(154,62,'16.4.1','Diklat dan Seminar',10000000,9),
(155,62,'16.4.2','kegiatan SPM ( Sobat Perpus Muallimin )',8625000,9),
(156,63,'16.5.1','Penambahan jam buka Pelayanan ',4000000,9),
(157,63,'16.5.2','Up grade Library Syistem ',5000000,9),
(158,63,'16.5.3','Apresiasi  pengguna perpust.',1500000,9),
(159,63,'16.5.4','Apresiasi bagi siswa yang menulis di media cetak ',8000000,9),
(160,63,'16.5.5','Pembuatan kartu anggota Perpustakaan',1000000,9),
(161,64,'16.6.1','Redesign Ruang Pojok Perpustakaan',150000000,9),
(162,107,'17.1.1','Workshop Pembuatan Soal HOTS',75000000,22),
(163,107,'17.1.2','Pelatihan Kurikulum 2013',75000000,22),
(164,109,'17.3.1','Pengadaan habis pakai laboratorium IPA',8152480,22),
(165,109,'17.3.2','Penyelenggaraan Laboratorium IPS',7500000,22),
(166,109,'17.3.6','Pengadan Media pembelajaran Laboratorium Agama & IPS',8114600,22),
(168,110,'17.4.1','Pengadaan Komponen Robotika',8000000,22),
(169,110,'17.4.2','Penyelenggaraan Radio Komunitas 7 Chenel Muallimin',7000000,22),
(170,110,'17.4.3','Muallimin Explotaration',16000000,22),
(171,111,'17.5.1','Perawatan dan pemeliharaan peralatan',2307000,22),
(172,65,'18.1.1','Pengadaan alat tulis kantor',94000000,6),
(173,66,'18.2.1','Pelayanan Rapat & Tamu',80000000,6),
(174,67,'18.3.1','Pelayanan Rapat & Minum Harian Kantor',85092000,6),
(175,68,'19.1.1','Pengadaan mebelair',150000000,11),
(176,69,'19.2.1','Pengadaan komputer dan alat elektronik',85000000,11),
(177,70,'19.3.1','Pengadaan alat peraga/sarana pendidikan & alat olah raga',25000000,11),
(178,71,'19.4.1','Pengadaan inventaris barang lainnya',70000000,11),
(179,72,'20.1.1','Biaya langganan telephon',111372382,11),
(180,73,'20.2.1','Biaya langganan listrik',347300000,11),
(181,74,'20.3.1','Biaya langganan PAM',10000000,11),
(182,75,'20.4.1','Jasa Pos dan retribusi',45000000,11),
(183,76,'21.1.1','Perawatan gedung dan halaman Madrasah ',250000000,11),
(184,77,'21.2.1','Perawatan gedung dan halaman asrama',350000000,11),
(185,78,'21.3.1','Pengadaan Alat dan Peningkatan Kebersihan ',45000000,11),
(186,79,'22.1.1','Perawatan Mebelair',40000000,11),
(187,80,'22.2.1','Perawatan barang elektronik',60000000,11),
(188,81,'23.1.1','Pembelian bahan bakar minyak (BBM)',60000000,11),
(189,82,'23.2.1','Service, oli, dan suku cadang',35000000,11),
(190,83,'23.3.1','Perbaikan Body dan pengecatan kenderaan',10000000,11),
(191,84,'23.4.1','Pajak kendaraan / perpanjangan STNK',20000000,11),
(192,85,'24.1.1','Perjalanan Dinas Dalam Provinsi',40200000,6),
(193,86,'24.2.1','Perjalanan Dinas Luar Provinsi',40000000,6),
(194,87,'25.1.1','Pengadaan Beras',996760000,12),
(195,88,'25.2.1','Pengadaan Lauk - Pauk',3117020000,12),
(196,89,'25.3.1','Pengadaan Bahan Bakar dan Gas',138680000,12),
(197,90,'25.4.1','Pengadaan Alat Dapur ( Kompor Gas, Tremos, dll )',56890000,12),
(198,91,'26.1.1','Iuran BPJS',102336000,12),
(199,92,'26.2.1','Tunjangan Hari Raya',600000000,12),
(200,93,'26.3.1','Seragam Pegawai',93000000,12),
(201,94,'26.4.1','Dana Sehat Siswa',87600000,12),
(202,95,'26.5.1','Penyelenggaraan POSKESTREN',64850000,12),
(203,96,'26.6.1','Bantuan Kelahiran, pernikahan dan kematian ',15000000,12),
(204,97,'26.7.1','Penghargaan pengabdian dan prestasi Guru karyawan',270000000,12),
(205,98,'26.8.1','Bea Siswa PDKP, Kakak adik, Pegawai dan beasiswa lainnya',560000000,12),
(206,99,'27.1.1','Memberikan bantuan kepada Persyarikatan ',40000000,13),
(207,100,'27.2.1','Memberikan bantuan kepada masyarakat',30000000,13),
(208,101,'28.1.1','Biaya Pembinaan Madrasah',7000000,5),
(209,102,'28.2.1','Biaya Pelayanan Umum',9000000,5),
(210,103,'28.3.1','Pengembalian uang Jaminan Sarpra',15000000,5),
(211,104,'28.4.1','Biaya Lainnya (Pengembalian  DPP/DRB)',37000000,5),
(212,105,'28.5.1','Kegiatan Komite Madrasah',9000000,5),
(213,106,'28.6.1','Pengembangan unit usaha',60000000,5),
(214,108,'17.2.1','Penyelenggaraan Praktikum Laboratorium',7384320,22),
(215,56,'15.5.1','Tazwid Mufrodat Vocab Enrichment',15000000,20),
(216,56,'15.5.2','Muhadloroh Arab dan Inggris mingguan',20000000,20),
(217,56,'15.5.3','Muhadasah- Conversation Mingguan',15000000,20),
(218,56,'15.5.4','Pionier (pengembangan Bahasa )',35000000,20),
(219,56,'15.5.5','Mading  Bahasa ',3000000,20),
(220,56,'15.5.6','Mahkamah Lughoh dan Pengawasan Disiplin Bahasa',5000000,20),
(221,56,'5.5.7','1Durussul Lughoh ',8000000,20),
(222,57,'15.6.1','Club-Club  Bahasa',20000000,20),
(223,57,'15.6.2','International Community Volunteer Program',25000000,20),
(224,57,'15.6.3','Lingua Fest',10000000,20),
(225,57,'15.6.4','IELTS/TOEFL/IKLA guru Bahasa Ingris dan Arab',10000000,20),
(226,57,'15.6.5','Ramadhan English camp',10000000,20),
(227,57,'15.6.6','Manhaji camp',20000000,20),
(228,57,'15.6.7','Student Exchange',25000000,20),
(229,58,'15.7.1','Penyususnan bahan ajar bahasa Arab - Inggris',10000000,20),
(230,58,'15.7.2','Workshop Metode Mengajar Bahasa Arab- Inggris guru Arab Inggis',10000000,20),
(231,58,'15.7.3','Pelatihan dan seminar bahasa Arab Inggris',10000000,20);

/*Table structure for table `t_level` */

DROP TABLE IF EXISTS `t_level`;

CREATE TABLE `t_level` (
  `id_level` int(5) NOT NULL AUTO_INCREMENT,
  `nama_level` varchar(100) NOT NULL,
  PRIMARY KEY (`id_level`)
) ENGINE=InnoDB AUTO_INCREMENT=4 DEFAULT CHARSET=latin1;

/*Data for the table `t_level` */

insert  into `t_level`(`id_level`,`nama_level`) values 
(1,'Admin'),
(2,'Operator'),
(3,'Guest');

/*Table structure for table `t_panitia` */

DROP TABLE IF EXISTS `t_panitia`;

CREATE TABLE `t_panitia` (
  `id_panitia` int(5) NOT NULL AUTO_INCREMENT,
  `id_anggota` int(5) NOT NULL,
  `id_struktur` int(5) NOT NULL,
  `id_kegiatan` int(5) NOT NULL,
  `id_tahun` int(5) NOT NULL,
  PRIMARY KEY (`id_panitia`),
  KEY `id_anggota` (`id_anggota`),
  KEY `id_struktur` (`id_struktur`),
  KEY `id_kegiatan` (`id_kegiatan`),
  KEY `id_tahun` (`id_tahun`),
  CONSTRAINT `t_panitia_ibfk_1` FOREIGN KEY (`id_anggota`) REFERENCES `t_anggota` (`id_anggota`) ON DELETE CASCADE ON UPDATE CASCADE,
  CONSTRAINT `t_panitia_ibfk_2` FOREIGN KEY (`id_struktur`) REFERENCES `t_struktur` (`id_struktur`) ON DELETE CASCADE ON UPDATE CASCADE,
  CONSTRAINT `t_panitia_ibfk_3` FOREIGN KEY (`id_kegiatan`) REFERENCES `t_kegiatan` (`id_kegiatan`) ON DELETE CASCADE ON UPDATE CASCADE,
  CONSTRAINT `t_panitia_ibfk_4` FOREIGN KEY (`id_tahun`) REFERENCES `t_tahun` (`id_tahun`) ON DELETE CASCADE ON UPDATE CASCADE
) ENGINE=InnoDB DEFAULT CHARSET=latin1;

/*Data for the table `t_panitia` */

/*Table structure for table `t_pembelanjaan` */

DROP TABLE IF EXISTS `t_pembelanjaan`;

CREATE TABLE `t_pembelanjaan` (
  `id_pembelanjaan` int(5) NOT NULL AUTO_INCREMENT,
  `id_pengeluaran` int(5) NOT NULL,
  `tanggal_pembelanjaan` date NOT NULL,
  `uraian_pembelanjaan` varchar(100) NOT NULL,
  `jumlah_pembelanjaan` decimal(10,0) NOT NULL,
  PRIMARY KEY (`id_pembelanjaan`),
  KEY `id_pengeluaran` (`id_pengeluaran`),
  CONSTRAINT `t_pembelanjaan_ibfk_1` FOREIGN KEY (`id_pengeluaran`) REFERENCES `t_pengeluaran` (`id_pengeluaran`) ON DELETE CASCADE ON UPDATE CASCADE
) ENGINE=InnoDB DEFAULT CHARSET=latin1;

/*Data for the table `t_pembelanjaan` */

/*Table structure for table `t_pengajuan` */

DROP TABLE IF EXISTS `t_pengajuan`;

CREATE TABLE `t_pengajuan` (
  `id_pengajuan` int(5) NOT NULL AUTO_INCREMENT,
  `tanggal_pengajuan` date NOT NULL,
  `tanggal_lpj` date NOT NULL,
  `id_verifikasi` int(5) NOT NULL,
  `status_pengajuan` int(1) NOT NULL,
  `id_kegiatan` int(5) NOT NULL,
  `tahap_pengajuan` int(1) NOT NULL DEFAULT '0',
  PRIMARY KEY (`id_pengajuan`),
  KEY `id_anggota` (`id_verifikasi`),
  KEY `id_kegiatan` (`id_kegiatan`),
  CONSTRAINT `t_pengajuan_ibfk_2` FOREIGN KEY (`id_verifikasi`) REFERENCES `t_anggota` (`id_anggota`) ON DELETE CASCADE ON UPDATE CASCADE,
  CONSTRAINT `t_pengajuan_ibfk_3` FOREIGN KEY (`id_kegiatan`) REFERENCES `t_kegiatan` (`id_kegiatan`) ON DELETE CASCADE ON UPDATE CASCADE
) ENGINE=InnoDB DEFAULT CHARSET=latin1;

/*Data for the table `t_pengajuan` */

/*Table structure for table `t_pengeluaran` */

DROP TABLE IF EXISTS `t_pengeluaran`;

CREATE TABLE `t_pengeluaran` (
  `id_pengeluaran` int(5) NOT NULL AUTO_INCREMENT,
  `id_pengajuan` int(5) NOT NULL,
  `id_kegiatan` int(5) NOT NULL,
  `no_kk` int(20) NOT NULL,
  `tanggal_pengeluaran` date NOT NULL,
  `tahap_pengeluaran` int(1) NOT NULL DEFAULT '0',
  `id_verifikator` int(5) NOT NULL,
  PRIMARY KEY (`id_pengeluaran`),
  KEY `id_pengajuan` (`id_pengajuan`),
  KEY `id_kegiatan` (`id_kegiatan`),
  KEY `id_verifikator` (`id_verifikator`),
  CONSTRAINT `t_pengeluaran_ibfk_1` FOREIGN KEY (`id_pengajuan`) REFERENCES `t_pengajuan` (`id_pengajuan`) ON DELETE CASCADE ON UPDATE CASCADE,
  CONSTRAINT `t_pengeluaran_ibfk_2` FOREIGN KEY (`id_kegiatan`) REFERENCES `t_kegiatan` (`id_kegiatan`) ON DELETE CASCADE ON UPDATE CASCADE,
  CONSTRAINT `t_pengeluaran_ibfk_3` FOREIGN KEY (`id_verifikator`) REFERENCES `t_anggota` (`id_anggota`) ON DELETE CASCADE ON UPDATE CASCADE
) ENGINE=InnoDB DEFAULT CHARSET=latin1;

/*Data for the table `t_pengeluaran` */

/*Table structure for table `t_program` */

DROP TABLE IF EXISTS `t_program`;

CREATE TABLE `t_program` (
  `id_program` int(5) NOT NULL AUTO_INCREMENT,
  `id_bidang` int(5) NOT NULL,
  `mak_program` varchar(10) NOT NULL,
  `nama_program` varchar(100) NOT NULL,
  `tap_program` decimal(20,0) NOT NULL,
  `id_anggota` int(5) NOT NULL,
  PRIMARY KEY (`id_program`),
  KEY `id_bidang` (`id_bidang`),
  KEY `id_anggota` (`id_anggota`),
  CONSTRAINT `t_program_ibfk_1` FOREIGN KEY (`id_bidang`) REFERENCES `t_bidang` (`id_bidang`) ON DELETE CASCADE ON UPDATE CASCADE,
  CONSTRAINT `t_program_ibfk_2` FOREIGN KEY (`id_anggota`) REFERENCES `t_anggota` (`id_anggota`) ON DELETE CASCADE ON UPDATE CASCADE
) ENGINE=InnoDB AUTO_INCREMENT=112 DEFAULT CHARSET=latin1;

/*Data for the table `t_program` */

insert  into `t_program`(`id_program`,`id_bidang`,`mak_program`,`nama_program`,`tap_program`,`id_anggota`) values 
(2,4,'11.1','Gaji Guru Tetap',1234380000,5),
(3,4,'11.2','Gaji Karyawan Tetap ',1124327000,5),
(4,4,'11.3','HR Guru Tidak Tetap MA Kela 4 - 6',772498000,5),
(5,4,'11.4','HR Guru Tidak Tetap MTs Kelas 1 - 3',854230000,5),
(6,4,'11.5','HR Pegawai Tidak Tetap',816576000,5),
(7,4,'11.6','HR Guru Bantuan Depag &  Luar Biasa',44623000,5),
(8,4,'11.7','HR Panitia / Tim',332618000,5),
(9,4,'11.8','HR Pamong Asrama 10 Orang',188593000,5),
(10,4,'11.9','HR Musrif ( 40 Orang )',541865000,5),
(11,4,'11.10','Uang Lembur',147571000,5),
(12,4,'11.11','Uang Kehadiran',567427000,5),
(13,4,'11.12','Insentif tenaga pendidik dan kependidikan',695520000,5),
(14,4,'11.13','Tabungan hari tua dan Dana pensiun',550000000,5),
(15,4,'11.14','HR Guru ekstra',79202000,5),
(16,4,'11.15','HR lainnya',367926000,5),
(17,5,'12.1','Penyusunan Program dan Anggaran',25000000,13),
(18,5,'12.2','Evaluasi dan pelaporan pelaksanaan program dan anggaran',40000000,13),
(19,5,'12.3','Peningkatan Kualitas SDM:',50000000,13),
(20,5,'12.4','Kehumasan',320000000,13),
(21,5,'12.5','Penyelenggaraan Studi Banding Rihlah Ilmiah wa Tarbawiyah',90000000,13),
(22,5,'12.6','Peningkatan Mutu Madrasah',100000000,13),
(23,5,'12.7','Rihlah keluarga besar Mu\'allimin',205000000,13),
(24,6,'13.1','Penyelenggaraan Administrasi Pengajaran',168574600,8),
(25,6,'13.2','Penghargaan Prestasi Belajar Siswa dan Guru UNBK dan UAMBN ',50000000,8),
(26,6,'13.3','Penyelenggaraan Evaluasi Belajar ( PTS,PAS,PAT,Ujian Praktek)',229448900,8),
(27,6,'13.4','Penyelenggaraan Ujian KTI/KPH',15000000,8),
(28,6,'13.5','Penyelenggaraan Program Sukses Studi Lanjut',450762000,8),
(29,6,'13.6','Penyelenggaraan Ujian Akhir',120755440,8),
(30,6,'13.7','Pengadaan sarana penunjang pendidikan MOVING CLASS',11294000,8),
(31,6,'13.8','Penyelenggaraan klinik belajar',25000000,8),
(32,6,'13.9','Pembuatan Modul UN dan UAMBN',18183340,8),
(33,6,'13.10','Pengembangan Program Kelas Trensains',90352000,8),
(34,6,'13.11','Penyelenggaraan Pelajaran Sertifikasi dan Blok ',20000000,8),
(35,6,'13.12','Musyawarah Kerja dan Pengembangan SDM Guru',30000000,8),
(36,6,'13.13','Internasionalisasi Sekolah ( Teacher Excheange )',56470000,8),
(37,6,'13.14','Persiapan Akreditasi',185000000,8),
(38,7,'14.1','Pembinaan Kader Persyarikatan dan Pengabdian Masyarakat',154500000,15),
(39,7,'14.2','KONSEP',9000000,15),
(40,7,'14.3','IDEOLOGI MUHAMMADIYAH DAN KEMUALLIMINAN',246000000,15),
(41,7,'14.4','INTERNATIONAL',20000000,15),
(42,7,'14.5',' HW',66000000,15),
(43,7,'14.6','TS',58000000,15),
(44,7,'14.7','IPM',68000000,15),
(45,7,'14.8','Kedisiplinan',5000000,15),
(46,7,'14.9','Ke-Alumnian',13000000,15),
(47,7,'14.10','Bimbingan Konseling',326000000,16),
(48,7,'14.11','LPM Sinar',34500000,16),
(49,7,'14.12','MSC KIR',7000000,16),
(50,7,'14.13','PMR',11000000,16),
(51,7,'14.14','Ekstrakulikuler',451500000,16),
(52,8,'15.1','Tamhidi',30825000,19),
(53,8,'15.2','Pembinaan Pengeloaan  Asrama',79000000,19),
(54,8,'15.3','Qur\'an Center',150000000,19),
(55,8,'15.4','Ketakmiran masjid jami\'',15000000,19),
(56,22,'15.5','Pengembangan kompetensi berbahasa Asing pada siswa',101000000,20),
(57,22,'15.6','Pengembangan Bahasa Arab Inggris',120000000,20),
(58,22,'15.7','Peningkatan Arab-Inggris Pegawai -Musyrif-Mujanib',30000000,20),
(59,9,'16.1','Pengadaan koleksi perpustakaan',50048438,9),
(60,9,'16.2','Perawatan Koleksi Perpustakaan',49687500,9),
(61,9,'16.3','Program Pengembangan Kepustakaan',36000000,9),
(62,9,'16.4','Pelatihan/Peningkatan SDI Kepustakaan',18625000,9),
(63,9,'16.5','Administrasi dan Pelayanan',19500000,9),
(64,9,'16.6','Redesign Ruang Pojok Perpustakaan',150000000,9),
(65,11,'18.1','Pengadaan alat tulis kantor',94000000,6),
(66,11,'18.2','Pelayanan Rapat & Tamu',80000000,6),
(67,11,'18.3','Pelayanan Rapat & Minum Harian Kantor',85092000,6),
(68,12,'19.1','Pengadaan mebelair',150000000,11),
(69,12,'19.2','Pengadaan komputer dan alat elektronik',85000000,11),
(70,12,'19.3','Pengadaan alat peraga/sarana pendidikan & alat olah raga',25000000,11),
(71,12,'19.4','Pengadaan inventaris barang lainnya',70000000,11),
(72,13,'20.1','Biaya langganan telephon',111372382,11),
(73,13,'20.2','Biaya langganan listrik',347300000,11),
(74,13,'20.3','Biaya langganan PAM',10000000,11),
(75,13,'20.4','Jasa Pos dan retribusi',45000000,11),
(76,14,'21.1','Perawatan gedung dan halaman Madrasah ',250000000,11),
(77,14,'21.2','Perawatan gedung dan halaman asrama',350000000,11),
(78,14,'21.3','Pengadaan Alat dan Peningkatan Kebersihan ',45000000,11),
(79,15,'22.1','Perawatan Mebelair',40000000,11),
(80,15,'22.2','Perawatan barang elektronik',60000000,11),
(81,16,'23.1','Pembelian bahan bakar minyak (BBM)',60000000,11),
(82,16,'23.2','Service, oli, dan suku cadang',35000000,11),
(83,16,'23.3','Perbaikan Body dan pengecatan kenderaan',10000000,11),
(84,16,'23.4','Pajak kendaraan / perpanjangan STNK',20000000,11),
(85,17,'24.1','Perjalanan Dinas Dalam Provinsi',40200000,6),
(86,17,'24.2','Perjalanan Dinas Luar Provinsi',40000000,6),
(87,18,'25.1','Pengadaan Beras',996760000,12),
(88,18,'25.2','Pengadaan Lauk - Pauk',3117020000,12),
(89,18,'25.3','Pengadaan Bahan Bakar dan Gas',138680000,12),
(90,18,'25.4','Pengadaan Alat Dapur ( Kompor Gas, Tremos, dll )',56890000,12),
(91,19,'26.1','Iuran BPJS',102336000,12),
(92,19,'26.2','Tunjangan Hari Raya',600000000,12),
(93,19,'26.3','Seragam Pegawai',93000000,12),
(94,19,'26.4','Dana Sehat Siswa',87600000,12),
(95,19,'26.5','Penyelenggaraan POSKESTREN',64850000,12),
(96,19,'26.6','Bantuan Kelahiran, pernikahan dan kematian ',15000000,12),
(97,19,'26.7','Penghargaan pengabdian dan prestasi Guru karyawan',270000000,12),
(98,19,'26.8','Bea Siswa PDKP, Kakak adik, Pegawai dan beasiswa lainnya',560000000,12),
(99,20,'27.1','Memberikan bantuan kepada Persyarikatan ',40000000,13),
(100,20,'27.2','Memberikan bantuan kepada masyarakat',30000000,21),
(101,21,'28.1','Biaya Pembinaan Madrasah',7000000,5),
(102,21,'28.2','Biaya Pelayanan Umum',9000000,5),
(103,21,'28.3','Pengembalian uang Jaminan Sarpra',15000000,5),
(104,21,'28.4','Biaya Lainnya (Pengembalian  DPP/DRB)',37000000,5),
(105,21,'28.5','Kegiatan Komite Madrasah',9000000,5),
(106,21,'28.6','Pengembangan unit usaha',60000000,5),
(107,10,'17.1','Pengembangan Kompetensi Guru',150000000,22),
(108,10,'17.2','Penyelenggaraan Praktikum Laboratorium',7384320,22),
(109,10,'17.3','Optimalisasi laboratorium',23767080,22),
(110,10,'17.4','Penyelenggaraan Lab. Elektronika dan Ketrampilan',31000000,22),
(111,10,'17.5','Perawatan dan pemeliharaan peralatan',2307000,21);

/*Table structure for table `t_rincian` */

DROP TABLE IF EXISTS `t_rincian`;

CREATE TABLE `t_rincian` (
  `id_rincian` int(5) NOT NULL AUTO_INCREMENT,
  `id_pengajuan` int(5) NOT NULL,
  `uraian_rincian` varchar(100) NOT NULL,
  `jumlah_rincian` decimal(10,0) NOT NULL,
  `tanggal_rincian` date NOT NULL,
  PRIMARY KEY (`id_rincian`),
  KEY `id_pengajuan` (`id_pengajuan`),
  CONSTRAINT `t_rincian_ibfk_1` FOREIGN KEY (`id_pengajuan`) REFERENCES `t_pengajuan` (`id_pengajuan`) ON DELETE CASCADE ON UPDATE CASCADE
) ENGINE=InnoDB DEFAULT CHARSET=latin1;

/*Data for the table `t_rincian` */

/*Table structure for table `t_struktur` */

DROP TABLE IF EXISTS `t_struktur`;

CREATE TABLE `t_struktur` (
  `id_struktur` int(5) NOT NULL AUTO_INCREMENT,
  `nama_struktur` varchar(200) NOT NULL,
  `deskripsi` text NOT NULL,
  PRIMARY KEY (`id_struktur`)
) ENGINE=InnoDB AUTO_INCREMENT=3 DEFAULT CHARSET=latin1;

/*Data for the table `t_struktur` */

insert  into `t_struktur`(`id_struktur`,`nama_struktur`,`deskripsi`) values 
(1,'Ketua','Memimpin dalam setiap kegiatan atau agenda'),
(2,'Wakil','Membantu tugas internal ');

/*Table structure for table `t_tahun` */

DROP TABLE IF EXISTS `t_tahun`;

CREATE TABLE `t_tahun` (
  `id_tahun` int(5) NOT NULL AUTO_INCREMENT,
  `nama_tahun` varchar(200) NOT NULL,
  PRIMARY KEY (`id_tahun`)
) ENGINE=InnoDB AUTO_INCREMENT=2 DEFAULT CHARSET=latin1;

/*Data for the table `t_tahun` */

insert  into `t_tahun`(`id_tahun`,`nama_tahun`) values 
(1,'Tahun Ajaran 2018/2019');

/*Table structure for table `t_user` */

DROP TABLE IF EXISTS `t_user`;

CREATE TABLE `t_user` (
  `id_user` int(5) NOT NULL AUTO_INCREMENT,
  `username` varchar(100) NOT NULL,
  `password` text NOT NULL,
  `id_level` int(5) NOT NULL,
  `id_anggota` int(5) NOT NULL,
  PRIMARY KEY (`id_user`),
  KEY `id_level` (`id_level`),
  KEY `t_user_ibfk_2` (`id_anggota`),
  CONSTRAINT `t_user_ibfk_1` FOREIGN KEY (`id_level`) REFERENCES `t_level` (`id_level`) ON DELETE CASCADE ON UPDATE CASCADE,
  CONSTRAINT `t_user_ibfk_2` FOREIGN KEY (`id_anggota`) REFERENCES `t_anggota` (`id_anggota`) ON DELETE CASCADE ON UPDATE CASCADE
) ENGINE=InnoDB AUTO_INCREMENT=7 DEFAULT CHARSET=latin1;

/*Data for the table `t_user` */

insert  into `t_user`(`id_user`,`username`,`password`,`id_level`,`id_anggota`) values 
(5,'admin','21232f297a57a5a743894a0e4a801fc3',1,21),
(6,'agusbasuki','fdf169558242ee051cca1479770ebac3',3,11);

/*!40101 SET SQL_MODE=@OLD_SQL_MODE */;
/*!40014 SET FOREIGN_KEY_CHECKS=@OLD_FOREIGN_KEY_CHECKS */;
/*!40014 SET UNIQUE_CHECKS=@OLD_UNIQUE_CHECKS */;
/*!40111 SET SQL_NOTES=@OLD_SQL_NOTES */;
